{
    "Nitrox_AddServer": "Voeg Server By",
    "Nitrox_Cancel": "Kanselleer",
    "Nitrox_CommandNotAvailable": "Hierdie bevel is nie beskikbaar in Nitrox nie",
    "Nitrox_ConnectTo": "Konnekteer tot",
    "Nitrox_DisconnectedSession": "Ontkoppel van server",
    "Nitrox_DiscordAccept": "Aanvaar",
    "Nitrox_DiscordDecline": "Verwerp",
    "Nitrox_DiscordPressToFocus": "Klik om oop te sluit",
    "Nitrox_DiscordRequestText": "Versoek om by die sessie aan te sluit",
    "Nitrox_EnterName": "Tik jou speler naam",
    "Nitrox_FirewallInterfering": "Dit lyk asof jou firewall instellings probleme veroorsaak",
    "Nitrox_HideIp": "Steek IP adresse weg",
    "Nitrox_InvalidUserName": "Tik asseblief 'n korrekte speler naam in.\n\nDit kan geen spasie of twyfelagtige karakters insluit nie.\nAanvaarde karakters: A-Z a-z 0-9 _ . -\nLengte: [3, 25]",
    "Nitrox_Join": "Sluit aan",
    "Nitrox_JoinServerPassword": "Wagwoord:",
    "Nitrox_JoinServerPasswordHeader": "Server wagwoord word vereis",
    "Nitrox_JoiningSession": "Besig Om By Multispeler Sessie Aan Te Sluit",
    "Nitrox_LaunchGame": "Besig om speletjie te begin…",
    "Nitrox_LoadingScreenWarn": "Verwag speletjie brekende bugs",
    "Nitrox_LostConnection": "Konneksie verloor aan die speletjie server",
    "Nitrox_LostConnectionWarn": "Nie meer gekonnekteer tot die server",
    "Nitrox_Multiplayer": "Multispeler",
    "Nitrox_MultiplayerLoaded": "Multispeler kliënt gelaai…",
    "Nitrox_PlayerKicked": "Jy is geskop van die server af",
    "Nitrox_RejectedSessionPolicy": "Bespreking verwerp…",
    "Nitrox_RequestingSessionPolicy": "Besig om te vra vir sessie beleid informasie…",
    "Nitrox_ServerStopped": "Die server het gestop",
    "Nitrox_SilenceChat": "Stom geselskap",
    "Nitrox_SilencedChatNotif": "Geselskap nou verstom",
    "Nitrox_StartServer": "Begin you sessie eerste voordat jy by die self aangebiede wêreld aansluit",
    "Nitrox_StreamerSettings": "Streamer wyse",
    "Nitrox_SyncingWorld": "Besig om multispeler wêreld te sinchroniseer…",
    "Nitrox_UnableToConnect": "Kon nie die afgeleë server kontak by:",
    "Nitrox_Waiting": "Besig om in tou te wag…",
    "Nitrox_WaitingPassword": "Besig om te wag vir server wagwoord insette…",
    "Nitrox_WaitingUserInput": "Besig om te wag vir gebruiker insette…",
    "Nitrox_WorldSettling": "Besig om te wag vir server vestiging…"
}
