{
    "Nitrox_AddServer": "Добави Сървър",
    "Nitrox_AddServer_AddressDescription": "Хост:",
    "Nitrox_AddServer_AddressPlaceholder": "Въведете IP или адрес на сървър",
    "Nitrox_AddServer_Confirm": "Създай сървър",
    "Nitrox_AddServer_InvalidInput": "Вашия вход е невалиден. Моля проверете дали всички текстови кутии са попълнени.",
    "Nitrox_AddServer_NameDescription": "Име:",
    "Nitrox_AddServer_NamePlaceholder": "Въведете име на сървър",
    "Nitrox_AddServer_PortDescription": "Порт:",
    "Nitrox_AddServer_PortPlaceholder": "Въведете цифровия порт на сървъра",
    "Nitrox_BuildingDesyncDetected": "Сървърът откри десинхронизация със сградите на локалния клиент (отидете в настройките на Nitrox, за да поискате ресинхронизация)",
    "Nitrox_BuildingSettings": "Базова сграда",
    "Nitrox_Cancel": "Отказ",
    "Nitrox_CommandNotAvailable": "Тази команда не е налична в Nitrox",
    "Nitrox_Confirm": "Потвърждавам",
    "Nitrox_ConnectTo": "Свържи се със",
    "Nitrox_DenyOwnershipHand": "Друг играч взаимодейства със този обект",
    "Nitrox_DisconnectedSession": "Връзката със сървъра бе прекъсната",
    "Nitrox_DiscordAccept": "Приемам",
    "Nitrox_DiscordDecline": "Отказвам",
    "Nitrox_DiscordInGame": "Играе като {PLAYER}",
    "Nitrox_DiscordInGameState": "Гмурка се в бездната",
    "Nitrox_DiscordMainMenuState": "Спотайва се в менюто",
    "Nitrox_DiscordMultiplayerMenu": "Моля натиснете на Mултиплейър бутона в Главното Меню ако искате да влезете в сесия",
    "Nitrox_DiscordPressToFocus": "Натисни за да отключиш",
    "Nitrox_DiscordRequestText": "Поиска да се присъедини към твоята сесия",
    "Nitrox_EnterName": "Въведете името на играча",
    "Nitrox_ErrorDesyncDetected": "[Безопасна Сграда] Тази база е десинхронизирана, затова неможете да правите промени освен ако не ресинхронизирате сгради (в настройките на Nitrox)",
    "Nitrox_ErrorRecentBuildUpdate": "Не можете да модифицирате база която е била наскоро променена от друг играч",
    "Nitrox_Failure": "Възникна грешка",
    "Nitrox_FinishedResyncRequest": "Отне {TIME}ms за ресинхронизирането на {COUNT} обекта",
    "Nitrox_FirewallInterfering": "Изглежда всякаш настройките на твоята защитна стена пречат",
    "Nitrox_HideIp": "Скриване на IP адресите",
    "Nitrox_HidePing": "Скрий Пинг",
    "Nitrox_IntroUWEPresents": "UNKNOWN WORLDS ENTERTAINMENT\n&\nNITROX ОТБОРА\n\nПРЕДСТАВЯТ",
    "Nitrox_IntroWaitingPartner": "Изчакване за влизане на играч\n\nНатиснете {0}, за да пропуснете чакането",
    "Nitrox_InvalidUserName": "Моля въведете валидно име на играча.\n\nНе трябва да съдържа разтояния или забранени символи\nПозволени символи: A-Z a-z 0-9 _ . -\nДължина: [3, 25]",
    "Nitrox_Join": "Влез",
    "Nitrox_JoinServer": "Влизане в:",
    "Nitrox_JoinServerPassword": "Парола:",
    "Nitrox_JoinServerPasswordHeader": "Сървъра изисква парола",
    "Nitrox_JoinServerPlaceholder": "Моля въведете паролата на сървъра",
    "Nitrox_JoiningSession": "Присъединяване в Мултиплейър Сесия",
    "Nitrox_Kick": "Изгони {PLAYER}",
    "Nitrox_KickQuestion": "Изгони {PLAYER}?",
    "Nitrox_LaunchGame": "Стартиране на играта…",
    "Nitrox_Loading": "Зареждане…",
    "Nitrox_LoadingScreenWarn": "Очаквайте бъгове които могат да повредят играта",
    "Nitrox_LostConnection": "Загубена връзка със игралния сървър",
    "Nitrox_LostConnectionWarn": "Вече не сте свързани със сървъра",
    "Nitrox_MissingPermission": "Нямате право да изпълните тази команда [{PERMISSION}]",
    "Nitrox_Multiplayer": "Мултиплейър",
    "Nitrox_MultiplayerLoaded": "Мултиплейър клиент зареден…",
    "Nitrox_Mute": "Заглуши {PLAYER}",
    "Nitrox_MuteQuestion": "Заглуши {PLAYER}?",
    "Nitrox_MutedPlayer": "{PLAYER} беше Заглушен",
    "Nitrox_OK": "Добре",
    "Nitrox_OutOfDateClient": "Вашата Nitrox инсталация е остаряла. Сървър: {serverVersion}, Ваш: {localVersion}.",
    "Nitrox_OutOfDateServer": "Сървъра работи с по-стара версия на Nitrox. Поискайте администратора да актуализира съвъра или минете на по-стара Nitrox версия. Сървър: {serverVersion}, Ваш: {localVersion}.",
    "Nitrox_PlayerDied": "{PLAYER} умря",
    "Nitrox_PlayerDisconnected": "{PLAYER} напусна",
    "Nitrox_PlayerJoined": "{PLAYER} се присъедини към играта.",
    "Nitrox_PlayerKicked": "Вие бяхте изгонени от сървъра",
    "Nitrox_PlayerLeft": "{PLAYER} напусна играта.",
    "Nitrox_PlayerListTabName": "Списък с Играчи",
    "Nitrox_RejectedSessionPolicy": "Резервацията е отхвърлена…",
    "Nitrox_RemotePlayerObstacle": "Друг играч се намира вътре или в близост до деконструируем обект.",
    "Nitrox_RequestingSessionPolicy": "Искане на информация за правилата на сесията…",
    "Nitrox_ResyncBuildings": "Ресинхронизиране на базови сгради",
    "Nitrox_ResyncOnCooldown": "Трябва да изчакате {TIME_LEFT} секунди, за да изпратите друго изискване за ресинхронизация",
    "Nitrox_ResyncRequested": "Изпратена е заявка за ресинхронициране на бази",
    "Nitrox_ResyncSettings": "Ресинхронизация",
    "Nitrox_SafeBuilding": "Безопасна сграда",
    "Nitrox_SafeBuildingLog": "Безопасна сграда логове",
    "Nitrox_ServerStopped": "Сървърът е спрян",
    "Nitrox_ShowPing": "Покажи Пинг",
    "Nitrox_SilenceChat": "Заглушаване на чата",
    "Nitrox_SilencedChatNotif": "Чатът беше заглушен",
    "Nitrox_StartServer": "Първо стартирайте сървъра си, за да се присъедините към своя самостоятелно хостван свят",
    "Nitrox_StreamerSettings": "Режим за стриймър",
    "Nitrox_SyncingWorld": "Синхронизиране на мултиплейър света…",
    "Nitrox_TeleportTo": "Телепортиране до {PLAYER}",
    "Nitrox_TeleportToMe": "Телепортирай {PLAYER} до мен",
    "Nitrox_TeleportToMeQuestion": "Телепортирай {PLAYER} до мен ?",
    "Nitrox_TeleportToQuestion": "Телепортирай до {PLAYER}?",
    "Nitrox_ThankForPlaying": "Благодарим ви, че използвате Nitrox!",
    "Nitrox_UnableToConnect": "Невъзможно е да се свържете с отдалечения сървър на адрес:",
    "Nitrox_Unmute": "Включване на звука на {PLAYER}",
    "Nitrox_UnmuteQuestion": "Включете звука на {PLAYER}?",
    "Nitrox_UnmutedPlayer": "Звука на {PLAYER} беше включен",
    "Nitrox_Waiting": "Изчакване в опашката за присъединяване…",
    "Nitrox_WaitingPassword": "Изчакване за въвеждане на парола на сървъра…",
    "Nitrox_WaitingUserInput": "Изчакване на въвеждане от потребителя…",
    "Nitrox_WorldSettling": "В очакване на уреждане на света…"
}
