{
    "Nitrox_AddServer": "Προσθήκη διακομιστή",
    "Nitrox_AddServer_AddressDescription": "Διακοσμιστής:",
    "Nitrox_AddServer_AddressPlaceholder": "Εισάγετε την IP ή την διεύθυνση του διακοσμιστή",
    "Nitrox_AddServer_Confirm": "Προσθήκη του διακοσμιστή",
    "Nitrox_AddServer_CreatedSuccessful": "Η νέα καταχώρηση διακομιστή δημιουργήθηκε με επιτυχία.",
    "Nitrox_AddServer_InvalidInput": "Τα στοιχεία που εισαγάγατε δεν είναι έγκυρα. Ελέγξτε αν όλα τα πλαίσια κειμένου είναι συμπληρωμένα.",
    "Nitrox_AddServer_NameDescription": "Όνομα διακοσμιστή:",
    "Nitrox_AddServer_NamePlaceholder": "Εισάγετε το όνομα του διακοσμιστή",
    "Nitrox_AddServer_PortDescription": "Port:",
    "Nitrox_AddServer_PortPlaceholder": "Εισαγάγετε την αριθμητική θύρα του διακομιστή",
    "Nitrox_BuildingDesyncDetected": "Ο διακομιστής εντόπισε αποσυγχρονισμό των δομών του τοπικού χρήστη (μεταβείτε στις ρυθμίσεις Nitrox για να ζητήσετε επανασυγχρονισμό)",
    "Nitrox_BuildingSettings": "Δομή Βάσης",
    "Nitrox_Cancel": "Άκυρο",
    "Nitrox_CommandNotAvailable": "Αυτή η εντολή δεν είναι διαθέσιμη στο Nitrox",
    "Nitrox_Confirm": "Επιβεβαίωση(δεν μου ερχεται αλλη λεξη)",
    "Nitrox_ConnectTo": "Σύνδεση με",
    "Nitrox_DenyOwnershipHand": "Ένας άλλος παίκτης αλληλεπιδρά με αυτό το αντικείμενο",
    "Nitrox_DisconnectedSession": "Αποσυνδέση από τον διακομιστή",
    "Nitrox_DiscordAccept": "Αποδοχή",
    "Nitrox_DiscordDecline": "Απόρριψη",
    "Nitrox_DiscordInGame": "Παίζει ως {PLAYER}",
    "Nitrox_DiscordInGameState": "Βουτιά στην άβυσσο",
    "Nitrox_DiscordMainMenuState": "Παραμονεύει στο μενού",
    "Nitrox_DiscordMultiplayerMenu": "Εάν θέλετε να συμμετάσχετε σε μια συνεδρία, πατήστε το κουμπί Multiplayer στο κύριο μενού",
    "Nitrox_DiscordPressToFocus": "Πατήστε για ξεκλείδωμα",
    "Nitrox_DiscordRequestText": "Ζητάει να συμμετάσχει στο παιχνίδη σας",
    "Nitrox_EnterName": "Εισαγάγετε το όνομα του παίκτη σας",
    "Nitrox_ErrorDesyncDetected": "[Safe Building] Αυτή η βάση είναι προς το παρόν αποσυγχρονισμένη, επομένως δεν μπορείτε να την τροποποιήσετε εκτός και αν επανασυγχρονίσετε κτίρια (στις ρυθμίσεις Nitrox)",
    "Nitrox_ErrorRecentBuildUpdate": "Δεν είναι δυνατή η τροποποίηση μιας βάσης που ενημερώθηκε πρόσφατα από άλλο παίχτη",
    "Nitrox_Failure": "Προέκυψε ένα σφάλμα",
    "Nitrox_FinishedResyncRequest": "Χρειάστηκαν {TIME}ms για να επανασυγχρονιστούν {COUNT} οντότητες",
    "Nitrox_FirewallInterfering": "Φαίνεται ότι οι ρυθμίσεις του τείχους προστασίας σας παρεμβαίνουν",
    "Nitrox_HideIp": "Απόκρυψη διευθύνσεων IP",
    "Nitrox_HidePing": "Απόκρυψη Ping",
    "Nitrox_IntroUWEPresents": "UNKNOWN WORLDS ENTERTAINMENT\n&\nΗ ΟΜΑΔΑ NITROX\n\nΠΑΡΟΥΣΙΑΖΟΥΝ",
    "Nitrox_IntroWaitingPartner": "Αναμονή υπόλοιπων παιχτών\n\nΠατήστε {0} για να παραλείψετε την αναμονή",
    "Nitrox_InvalidUserName": "Εισαγάγετε ένα έγκυρο όνομα παίκτη.\n\nΔεν μπορεί να περιέχει κενό χώρο ή αμφίβολους χαρακτήρες\nΕπιτρεπόμενοι χαρακτήρες : A-Z a-z 0-9 _ . -\nΜήκος: [3, 25]",
    "Nitrox_Join": "Σύνδεση",
    "Nitrox_JoinServer": "Συμμετοχή:",
    "Nitrox_JoinServerPassword": "Κωδικός πρόσβασης:",
    "Nitrox_JoinServerPasswordHeader": "Απαιτείται κωδικός πρόσβασης διακομιστή",
    "Nitrox_JoinServerPlaceholder": "Παρακαλώ εισάγετε τον κωδικό πρόσβασης",
    "Nitrox_JoiningSession": "Σύνδεση σε συνεδρία πολλών παικτών",
    "Nitrox_Kick": "Διώξε {PLAYER}",
    "Nitrox_KickQuestion": "Διώξε {PLAYER}?",
    "Nitrox_LaunchGame": "Έναρξη παιχνιδιού…",
    "Nitrox_Loading": "Φορτώνει…",
    "Nitrox_LoadingScreenWarn": "Αναμένετε σφάλματα που θα σπάσουν το παιχνίδι",
    "Nitrox_LostConnection": "Χάθηκε η σύνδεση με τον διακομιστή του παιχνιδιού",
    "Nitrox_LostConnectionWarn": "Δεν υπάρχει σύνδεση με τον διακομιστή",
    "Nitrox_MissingPermission": "Δεν έχετε άδεια να εκτελέσετε αυτή την εντολή [(PERMISSION)]",
    "Nitrox_Multiplayer": "Multiplayer",
    "Nitrox_MultiplayerLoaded": "Φόρτωση προγράμματος-πελάτη για πολλούς παίκτες…",
    "Nitrox_Mute": "Σίγαση {PLAYER}",
    "Nitrox_MuteQuestion": "Σίγαση {PLAYER}?",
    "Nitrox_MutedPlayer": "Έγινε σίγαση του {PLAYER}",
    "Nitrox_OK": "ok",
    "Nitrox_OutOfDateClient": "Η έκδοση του Nitrox σας, δεν είναι ενημερωμένη. Διακομιστής: {serverVersion}, Δικός σας: {localVersion}.",
    "Nitrox_OutOfDateServer": "Ο διακομιστής εκτελεί μια παλαιότερη έκδοση του Nitrox. Ζητήστε από τον διαχειριστή να αναβαθμίσει τον διακομιστή ή να υποβαθμίσει την εγκατάσταση Nitrox. Διακομιστής: {serverVersion}, Δικός σας: {localVersion}.",
    "Nitrox_PlayerDeathBeaconLabel": "Ο {PLAYER} πέθανε",
    "Nitrox_PlayerDied": "Ο {PLAYER} πέθανε",
    "Nitrox_PlayerDisconnected": "Ο παίκτης {PLAYER} αποσυνδέθηκε",
    "Nitrox_PlayerJoined": "{PLAYER} μπήκε στο παιχνίδι.",
    "Nitrox_PlayerKicked": "Σας έδιωξαν από τον διακομιστή",
    "Nitrox_PlayerLeft": "{ΠΑΙΚΤΗΣ} αποχώρησε από το παιχνίδι.",
    "Nitrox_PlayerListTabName": "Λίστα παικτών",
    "Nitrox_QueueInfo": "Είστε σε αναμονή # {POSITION} ο μεγιστος χρόνος αναμονής είναι {TIME}",
    "Nitrox_RejectedSessionPolicy": "Η κράτηση απορρίφθηκε…",
    "Nitrox_RemotePlayerObstacle": "Ένας άλλος παίκτης βρίσκεται μέσα ή πολύ κοντά στον αποδομήσιμο στόχο.",
    "Nitrox_RequestingSessionPolicy": "Αίτημα πληροφοριών περιόδου σύνδεσης…",
    "Nitrox_ResyncBuildings": "Επανασυγχρονισμός κτιρίων βάσης",
    "Nitrox_ResyncOnCooldown": "Πρέπει να περιμένετε {TIME_LEFT} δευτερόλεπτα για να στείλετε άλλο αίτημα επανασυγχρονισμού",
    "Nitrox_ResyncRequested": "Εξέδωσε αίτημα επανασυγχρονισμού για βάσεις",
    "Nitrox_ResyncSettings": "Επανσυγχρονισμός",
    "Nitrox_SafeBuilding": "Ασφαλές κτίριο",
    "Nitrox_SafeBuildingLog": "Ημερολόγιο ασφαλούς κτιρίου",
    "Nitrox_ScannerRoomWarn": "Σημείωση: τα δωμάτια σάρωσης δεν λειτουργούν σωστά σε αυτήν την έκδοση του Nitrox. Θα αντιμετωπίσετε πολλά σφάλματα (bugs).",
    "Nitrox_ServerEntry_DeleteWarning": "Είστε βέβαιοι ότι θέλετε να διαγράψετε αυτόν τον διακοσμιστή?",
    "Nitrox_ServerStopped": "Ο διακομιστής εχει σταματήσει",
    "Nitrox_Settings_Bandwidth": "Ρυθμίσεις εύρους ζώνης",
    "Nitrox_Settings_HigherForUnstable_Tooltip": "Δώστε υψηλότερη τιμή για ασταθείς συνδέσεις",
    "Nitrox_Settings_LatencyUpdatePeriod": "Περίοδος ενημέρωσης καθυστέρησης (s)",
    "Nitrox_Settings_SafetyLatencyMargin": "Περιθώριο ασφαλής καθυστέρησης (ms)",
    "Nitrox_ShowPing": "Εμφάνιση Ping",
    "Nitrox_SilenceChat": "Σίγαση συνομιλίας",
    "Nitrox_SilencedChatNotif": "Η συνομιλία είναι πλέον σε σίγαση",
    "Nitrox_StartServer": "Ξεκινήστε πρώτα τον διακομιστή σας για να συνδεθείτε στον κόσμο σας",
    "Nitrox_StreamerSettings": "Λειτουργία ροής (για streamers)",
    "Nitrox_SyncingWorld": "Συγχρονισμός κόσμου για πολλούς παίκτες…",
    "Nitrox_TeleportTo": "Τηλεμεταφορά σε {PLAYER}",
    "Nitrox_TeleportToMe": "Τηλεμεταφέρετε τον {PLAYER} σε εμένα",
    "Nitrox_TeleportToMeQuestion": "Τηλεμεταφορά {PLAYER} σε εμένα;",
    "Nitrox_TeleportToQuestion": "Τηλεμεταφορά στο {PLAYER};",
    "Nitrox_ThankForPlaying": "Ευχαριστούμε για τη χρήση του Nitrox!",
    "Nitrox_UnableToConnect": "Δεν είναι δυνατή η επικοινωνία με τον διακομιστή στη διεύθυνση:",
    "Nitrox_Unmute": "Κατάργηση σίγασης {PLAYER}",
    "Nitrox_UnmuteQuestion": "Κατάργηση σίγασης {PLAYER}?",
    "Nitrox_UnmutedPlayer": "Καταργήθηκε η σίγαση του {PLAYER}",
    "Nitrox_Waiting": "Αναμονή στην ουρά συμμετοχής…",
    "Nitrox_WaitingPassword": "Αναμονή για εισαγωγή κωδικού πρόσβασης διακομιστή…",
    "Nitrox_WaitingUserInput": "Αναμονή για εισαγωγή από τον χρήστη…",
    "Nitrox_WorldSettling": "Αναμονή Τακτοποίηση Κόσμου…"
}
