{
    "Nitrox_AddServer": "Pridėti serverį",
    "Nitrox_AddServer_AddressPlaceholder": "Įvesti serverio IP adresą",
    "Nitrox_AddServer_Confirm": "Sukurti serverį",
    "Nitrox_AddServer_InvalidInput": "Jūsų įvestis negalima. Peržiūrėkite ar visi teksto laukeliai užpildyti.",
    "Nitrox_AddServer_NameDescription": "Pavadinimas:",
    "Nitrox_AddServer_NamePlaceholder": "Įvesti serverio pavadinimą",
    "Nitrox_AddServer_PortDescription": "Portas:",
    "Nitrox_AddServer_PortPlaceholder": "Įveskite serverio portą",
    "Nitrox_BuildingDesyncDetected": "Serveris aptiko sinchronizacijos klaidą žaidėjo kliento programoje(Eikite į Nitrox parametrus ir atlikite resinchronizaciją)",
    "Nitrox_BuildingSettings": "Bazės statymas",
    "Nitrox_Cancel": "Atšaukti",
    "Nitrox_CommandNotAvailable": "Ši komanda Nitrox papildinyje nepasiekiama",
    "Nitrox_Confirm": "Patvirtinimas",
    "Nitrox_ConnectTo": "Prisijungti prie",
    "Nitrox_DenyOwnershipHand": "Kitas žaidėjas šiuo metu žiūri šį objektą",
    "Nitrox_DisconnectedSession": "Atjungtas nuo serverio",
    "Nitrox_DiscordAccept": "Sutikti",
    "Nitrox_DiscordDecline": "Atšaukti",
    "Nitrox_DiscordInGame": "Žaidžiama kaip {PLAYER}",
    "Nitrox_DiscordInGameState": "Panirimas į bedugnę",
    "Nitrox_DiscordMainMenuState": "Laukiama ant meniu ekrano",
    "Nitrox_DiscordMultiplayerMenu": "Prašome paspausti Multiplayer mygtuką MainMenu lange, norint prisijungti į sesiją",
    "Nitrox_DiscordPressToFocus": "Spauskite kad atrakinti",
    "Nitrox_DiscordRequestText": "Prašo leidimo prisijungti",
    "Nitrox_EnterName": "Įveskite savo žaidėjo vardą",
    "Nitrox_ErrorDesyncDetected": "(Saugus statymas) Ši bazė yra desinchronizuota, todėl negali būti keičiama, nebent bus resinchronizuoti pastatai( Nitrox parametruose)",
    "Nitrox_ErrorRecentBuildUpdate": "Bazė negali būti keičiama, nes ją ką tik keitė kitas žaidėjas",
    "Nitrox_Failure": "Atsitiko klaida",
    "Nitrox_FinishedResyncRequest": "Užtruko(laiko) ms resinchronizuoti(suskaičiuoti) elementus",
    "Nitrox_FirewallInterfering": "Atrodo kad, jūsų apsaugos nustatymai trukdo",
    "Nitrox_HideIp": "Slėpti IP adresus",
    "Nitrox_HidePing": "Slėpti Ping",
    "Nitrox_IntroUWEPresents": "UNKNOWN WORLD ENTERTAINMENTS\n\nNITROX-KOMANDA\n\nPRISTATO",
    "Nitrox_IntroWaitingPartner": "Laukiama kol prisijungs kitas žaidėjas\n\nSpauskite {0}, kad nelaukti",
    "Nitrox_InvalidUserName": "Prašome įvesti veikianti slapyvardį.\n\nJame negali būti tarpų arba kitokių ženklų.\nLeistini simboliai:A-Z a-z 0-9 _ . -\nIlgis: [3, 25]",
    "Nitrox_Join": "Prisijungti",
    "Nitrox_JoinServer": "Prisijungiama:",
    "Nitrox_JoinServerPassword": "Slaptažodis:",
    "Nitrox_JoinServerPasswordHeader": "Serverio slaptažodis reikalingas",
    "Nitrox_JoinServerPlaceholder": "Įveskite serverio slaptažodį",
    "Nitrox_JoiningSession": "Prisijungiama į Multiplayer sesiją",
    "Nitrox_Kick": "Išmesti {PLAYER}",
    "Nitrox_KickQuestion": "Išmesti {PLAYER}?",
    "Nitrox_LaunchGame": "Paleidžiamas žaidimas…",
    "Nitrox_Loading": "Kraunama…",
    "Nitrox_LoadingScreenWarn": "Tikėkites Žaidimą-sugadinančių klaidų",
    "Nitrox_LostConnection": "Praradome ryšį su žaidimo serveriu",
    "Nitrox_LostConnectionWarn": "Nebe prisijungę prie serverio",
    "Nitrox_MissingPermission": "Neturite leidimo paleisti šios komandos [{PERMISSION}]",
    "Nitrox_Multiplayer": "Žaisti su kitais",
    "Nitrox_MultiplayerLoaded": "Žaidimo kartu clientas užkrautas…",
    "Nitrox_Mute": "Užtildyti {PLAYER}",
    "Nitrox_MuteQuestion": "Užtildyti {PLAYER}?",
    "Nitrox_MutedPlayer": "Užtildytas {PLAYER}",
    "Nitrox_OK": "Ok",
    "Nitrox_OutOfDateClient": "Nitrox instaliacija nebegalioja. Ją reikia atnaujinti. Server: {serverVersion}, Yours: {localVersion}.",
    "Nitrox_OutOfDateServer": "Serveris naudoja senesnę Nitrox versiją. Prašykit serverio administratoriaus atnaujinti severio versiją arba sumažinkit savo Nitrox versiją. Server: {serverVersion}, Yours: {localVersion}.",
    "Nitrox_PlayerDied": "{PLAYER} Mirė",
    "Nitrox_PlayerDisconnected": "{PLAYER} Atsijungė",
    "Nitrox_PlayerJoined": "{PLAYER} prisijungė į žaidimą.",
    "Nitrox_PlayerKicked": "Jūs buvote išmestas iš serverio",
    "Nitrox_PlayerLeft": "{PLAYER} atsijungė iš žaidimo.",
    "Nitrox_PlayerListTabName": "Žaidėjų sąrašas",
    "Nitrox_RejectedSessionPolicy": "Rezervacija atmesta…",
    "Nitrox_RemotePlayerObstacle": "Kitas žaidėjas arba viduje arba per arti išmontuojamo objekto.",
    "Nitrox_RequestingSessionPolicy": "Prašoma sesijos politikos informacijos…",
    "Nitrox_ResyncBuildings": "Resinchronizuoti bazės statinius",
    "Nitrox_ResyncOnCooldown": "Turite palaukti(TIME_LEFT) sekundžių, kad būtų galima siųsti kitą resinchronizacijos prašymą",
    "Nitrox_ResyncRequested": "Buvo įvykdyta bazių/bazės resinchronizacija",
    "Nitrox_ResyncSettings": "Resinchronizacija",
    "Nitrox_SafeBuilding": "Saugus statymas",
    "Nitrox_SafeBuildingLog": "Saugaus statymo sąrašas",
    "Nitrox_ServerStopped": "Serveris buvo sustabdytas",
    "Nitrox_ShowPing": "Parodyti Ping",
    "Nitrox_SilenceChat": "Užtildyti rašymo lauką",
    "Nitrox_SilencedChatNotif": "Rašymo laukas užtildytas",
    "Nitrox_StartServer": "Pirma startuokite savo serverį, kad prisijungtumete prie savo paleisto pasaulio",
    "Nitrox_StreamerSettings": "Filmuotojo rėžimas",
    "Nitrox_SyncingWorld": "Sinchronizuojamas multiplayer pasaulis…",
    "Nitrox_TeleportTo": "Teleportuotis pas {PLAYER}",
    "Nitrox_TeleportToMe": "Teleportuoti {PLAYER} pas mane",
    "Nitrox_TeleportToMeQuestion": "Teleportuoti {PLAYER} pas mane?",
    "Nitrox_TeleportToQuestion": "Teleportuotis pas {PLAYER}?",
    "Nitrox_ThankForPlaying": "Ąčiū, kad naudojate Nitrox!",
    "Nitrox_UnableToConnect": "Nėra galimybės susisiekti su nuotoliniu serveriu adresu:",
    "Nitrox_Unmute": "Atšaukti užtildymą",
    "Nitrox_UnmuteQuestion": "Atšaukti užtildymą?",
    "Nitrox_UnmutedPlayer": "Atšauktas užtildymas {PLAYER}",
    "Nitrox_Waiting": "Laukiama prisijungimo eilėje…",
    "Nitrox_WaitingPassword": "Laukiama serverio slaptažodžio įrašymo…",
    "Nitrox_WaitingUserInput": "Laukiama vartotojo įrąšymo…",
    "Nitrox_WorldSettling": "Laukiama pasaulio nusėdimo…"
}
