{
    "Nitrox_AddServer": "Pievienot Serveri",
    "Nitrox_AddServer_AddressDescription": "Saimnieks:",
    "Nitrox_AddServer_AddressPlaceholder": "Ievadat IP vai servera adresi",
    "Nitrox_AddServer_Confirm": "Izveidojiet serveri",
    "Nitrox_AddServer_CreatedSuccessful": "Veiksmīgi uztaisīja jauna servera pierakstu.",
    "Nitrox_AddServer_InvalidInput": "Jūsu ievade nav pareiza. Lūdzu pārbaudiet vai visas cilnes ar tekstu ir piepildītas.",
    "Nitrox_AddServer_NameDescription": "Vārds:",
    "Nitrox_AddServer_NamePlaceholder": "Ievadiet servera vārdu",
    "Nitrox_AddServer_PortDescription": "Ports:",
    "Nitrox_AddServer_PortPlaceholder": "Ievadiet numurisku portu no servera",
    "Nitrox_BuildingDesyncDetected": "Serveris atklāja ne-sinhronizāciju ar lokālo klienta būvdariem (dodieties uz Nitrox iestatījumiem lai pieprasītu re-sinhronizāciju)",
    "Nitrox_BuildingSettings": "Bāzes būvēšana",
    "Nitrox_Cancel": "Atcelt",
    "Nitrox_CommandNotAvailable": "Šī komanda nav pieejama uz Nitrox",
    "Nitrox_Confirm": "Apstipriniet",
    "Nitrox_ConnectTo": "Savienoties ar",
    "Nitrox_DenyOwnershipHand": "Cits spēlētājs pašlaik izmanto šo objektu",
    "Nitrox_DisconnectedSession": "Atvienots no servera",
    "Nitrox_DiscordAccept": "Pieņemt",
    "Nitrox_DiscordDecline": "Atteikt",
    "Nitrox_DiscordInGame": "Spēlē kā {PLAYER}",
    "Nitrox_DiscordInGameState": "Ņurko iekšā bezdibenī",
    "Nitrox_DiscordMainMenuState": "Pašlaik izvēlnē",
    "Nitrox_DiscordMultiplayerMenu": "Lūdzu uzspiediet uz Multiplayer pogas iekšā Galvenajā Izvēlnē ja Jūs vēlaties pievienoties sesijai",
    "Nitrox_DiscordPressToFocus": "Uzspied lai atslēgtu",
    "Nitrox_DiscordRequestText": "Vēlas pievienoties Jūsu sesijai",
    "Nitrox_EnterName": "Ievadiet Jūsu spēlētāja vārdu",
    "Nitrox_ErrorDesyncDetected": "[Droša Ēka] Šī bāze pagaidām ir ne-sinhronizēta, tāpēc Jūs nevarat to modificēt, vai arī Jūs varat re-sinhronizēt ēkas (iekšā Nitrox iestatījumos)",
    "Nitrox_ErrorRecentBuildUpdate": "Nevar modificēt bāzi, ko cits spēlētājs nesen atjaunināja",
    "Nitrox_Failure": "Parādījās kļūda",
    "Nitrox_FinishedResyncRequest": "Pagāja {TIME}ms lai re-sinhronizētu {COUNT} objektus",
    "Nitrox_FirewallInterfering": "Izskatās ka Jūsu ugunsmūra iestatījumt traucē darbībai",
    "Nitrox_HideIp": "Paslēpt IP adreses",
    "Nitrox_HidePing": "Paslēpt Ping",
    "Nitrox_IntroUWEPresents": "NEZINĀMAS PASAULES IZKLAIDES\n&\nNITROX-KOMANDA\n\nPREZENTĒ",
    "Nitrox_IntroWaitingPartner": "Gaida kamēr partneris pievienosies\n\nUzspiediet{0} lai negaidītu",
    "Nitrox_InvalidUserName": "Lūdzu ievadiet derīgu spēlētāja vārdu.\n\nTas nevar saturēt jebkādas atstarpes vai jocīgas rakstzīmes\nAtļautās rakstzīmes: A-Z a-z 0-9 _ . -\nGarums: [3, 25]",
    "Nitrox_Join": "Pievienoties",
    "Nitrox_JoinServer": "Pievienojās:",
    "Nitrox_JoinServerPassword": "Parole:",
    "Nitrox_JoinServerPasswordHeader": "Nepieciešama servera parole",
    "Nitrox_JoinServerPlaceholder": "Lūdzu ievadiet servera paroli",
    "Nitrox_JoiningSession": "Pievienojas Multiplayer sesijai",
    "Nitrox_Kick": "Izmest {PLAYER}",
    "Nitrox_KickQuestion": "Izmest {PLAYER}?",
    "Nitrox_LaunchGame": "Uzsākt spēli…",
    "Nitrox_Loading": "Lādējās…"
}
