{
    "Nitrox_AddServer": "Server toevoegen",
    "Nitrox_AddServer_AddressDescription": "Host:",
    "Nitrox_AddServer_AddressPlaceholder": "Voer het IP-adres of naam van de server in",
    "Nitrox_AddServer_Confirm": "Server maken",
    "Nitrox_AddServer_CreatedSuccessful": "Het maken van een server is gelukt.",
    "Nitrox_AddServer_InvalidInput": "Uw invoer is ongeldig. Controleer of alle tekstvakken zijn ingevuld.",
    "Nitrox_AddServer_NameDescription": "Naam:",
    "Nitrox_AddServer_NamePlaceholder": "Voer een naam in voor de server",
    "Nitrox_AddServer_PortDescription": "Poort:",
    "Nitrox_AddServer_PortPlaceholder": "Voer de numerieke poort van de server in",
    "Nitrox_BuildingDesyncDetected": "Synchronisatie probleem gedetecteerd in basis gebouwen (ga naar Nitrox instellingen om basissen opnieuw in te laden)",
    "Nitrox_BuildingSettings": "Basis bouwen",
    "Nitrox_Cancel": "Annuleer",
    "Nitrox_CommandNotAvailable": "Dit commando is niet beschikbaar in Nitrox",
    "Nitrox_Confirm": "Bevestig",
    "Nitrox_ConnectTo": "Verbinden met",
    "Nitrox_DenyOwnershipHand": "Een andere speler gebruikt dit object",
    "Nitrox_DisconnectedSession": "U heeft de server verlaten",
    "Nitrox_DiscordAccept": "Accepteren",
    "Nitrox_DiscordDecline": "Afwijzen",
    "Nitrox_DiscordInGame": "Speelt als {PLAYER}",
    "Nitrox_DiscordInGameState": "Duikt naar de zeebodem",
    "Nitrox_DiscordMainMenuState": "Kijkt naar het menu",
    "Nitrox_DiscordMultiplayerMenu": "Druk op de Multiplayer knop in het hoofdmenu als je een sessie wilt betreden",
    "Nitrox_DiscordPressToFocus": "Druk om te ontgrendelen",
    "Nitrox_DiscordRequestText": "Verzoekt aan je sessie deel te nemen",
    "Nitrox_EnterName": "Voer je spelersnaam in",
    "Nitrox_ErrorDesyncDetected": "[Veilig bouwen] Deze basis kan niet aangepast worden omdat er synchronisatie problemen zijn. Forceer een synchronisatie in de Nitrox instellingen",
    "Nitrox_ErrorRecentBuildUpdate": "Deze basis kan niet bewerkt worden omdat een andere speler dat recent heeft gedaan",
    "Nitrox_Failure": "Er is een fout opgetreden",
    "Nitrox_FinishedResyncRequest": "Het duurde {TIME}ms om {COUNT} entiteiten opnieuw te synchroniseren",
    "Nitrox_FirewallInterfering": "Het lijkt erop dat je firewall instellingen het netwerk onderbreken",
    "Nitrox_HideIp": "IPs verschuilen",
    "Nitrox_HidePing": "Pin Verbergen",
    "Nitrox_IntroUWEPresents": "UNKNOWN WORLDS ENTERTAINMENT\n&\nHET NITROX-TEAM\n\nPRESENTEREN",
    "Nitrox_IntroWaitingPartner": "Wachten op een partner\n\nKlik {0} om wachten over te slaan",
    "Nitrox_InvalidUserName": "Voer een geldige spelernaam in.\n\n Het mag geen spatie of speciale karakters bevatten\n Toegestane karakters : A-Z a-z 0-9 _ . -\nLengte : [3, 25]",
    "Nitrox_Join": "Meedoen",
    "Nitrox_JoinServer": "Verbinden met:",
    "Nitrox_JoinServerPassword": "Wachtwoord:",
    "Nitrox_JoinServerPasswordHeader": "Server wachtwoord vereist",
    "Nitrox_JoinServerPlaceholder": "Voer het wachtwoord van de server in",
    "Nitrox_JoiningSession": "Multiplayer Sessie Wordt Geladen",
    "Nitrox_Kick": "Verwijder {PLAYER}",
    "Nitrox_KickQuestion": "{PLAYER} verwijderen?",
    "Nitrox_LaunchGame": "Spel opstarten…",
    "Nitrox_Loading": "Laden…",
    "Nitrox_LoadingScreenWarn": "Verwacht spel-brekende bugs",
    "Nitrox_LostConnection": "Verbinding met de server verloren",
    "Nitrox_LostConnectionWarn": "Niet meer verbonden met de server",
    "Nitrox_MissingPermission": "Je hebt geen toestemming om dit commando uit te voeren [{PERMISSION}]",
    "Nitrox_Multiplayer": "Multiplayer",
    "Nitrox_MultiplayerLoaded": "Multiplayer client geladen…",
    "Nitrox_Mute": "Demp {PLAYER}",
    "Nitrox_MuteQuestion": "Demp {PLAYER}?",
    "Nitrox_MutedPlayer": "{PLAYER} Gedempt",
    "Nitrox_OK": "Ok",
    "Nitrox_OutOfDateClient": "Je Nitrox-installatie is verouderd. Serverversie: {serverVersion}, Jouw versie: {localVersion}.",
    "Nitrox_OutOfDateServer": "Deze server gebruikt een oudere versie van Nitrox. Vraag de serverbeheerder om de server te upgraden, of downgrade jouw Nitrox-installatie. Serverversie: {serverVersion}, Jouw versie: {localVersion}.",
    "Nitrox_PlayerDeathBeaconLabel": "{PLAYER}'s graf",
    "Nitrox_PlayerDied": "{PLAYER} stierf",
    "Nitrox_PlayerDisconnected": "{PLAYER} verbrak de verbinding",
    "Nitrox_PlayerJoined": "{PLAYER} speelt nu mee.",
    "Nitrox_PlayerKicked": "Je bent van de server getrapt",
    "Nitrox_PlayerLeft": "{PLAYER} heeft het spel verlaten.",
    "Nitrox_PlayerListTabName": "Spelerlijst",
    "Nitrox_QueueInfo": "U staat op positie #{POSITION} in de wachtrij. Maximale wachttijd: {TIME}",
    "Nitrox_RejectedSessionPolicy": "Sessie geweigerd…",
    "Nitrox_RemotePlayerObstacle": "Een andere speler is te dicht of bevind zich in een deconstrueerbaar doelwit.",
    "Nitrox_RequestingSessionPolicy": "Beleid van de sessie aanvragen…",
    "Nitrox_ResyncBuildings": "Hersynchroniseer basisgebouwen",
    "Nitrox_ResyncOnCooldown": "U moet {TIME_LEFT} seconden wachten om een hersynchronisatieverzoek te sturen",
    "Nitrox_ResyncRequested": "Een hersynchronisatieverzoek is ingediend voor je basis",
    "Nitrox_ResyncSettings": "Synchronisatie",
    "Nitrox_SafeBuilding": "Veilig bouwen",
    "Nitrox_SafeBuildingLog": "Basis log opslaan",
    "Nitrox_ScannerRoomWarn": "Let op: scannerruimtes werken niet goed in deze versie van Nitrox. Verwacht veel bugs.",
    "Nitrox_ServerEntry_DeleteWarning": "Weet u zeker dat u deze server wilt verwijderen?",
    "Nitrox_ServerStopped": "Server is gestopt",
    "Nitrox_Settings_Bandwidth": "Bandbreedte-instellingen",
    "Nitrox_Settings_HigherForUnstable_Tooltip": "Geef een hogere waarde voor onstabiele verbindingen",
    "Nitrox_Settings_LatencyUpdatePeriod": "Latentie-updateperiode (s)",
    "Nitrox_Settings_SafetyLatencyMargin": "Veiligheidslatentiemarge (ms)",
    "Nitrox_ShowPing": "Laat pin zien",
    "Nitrox_SilenceChat": "Chat dempen",
    "Nitrox_SilencedChatNotif": "Chat is gedempt",
    "Nitrox_StartServer": "Start je server eerst om mee toe doen met je eigen gehostte wereld",
    "Nitrox_StreamerSettings": "Streamer modus",
    "Nitrox_SyncingWorld": "Multiplayer Wereld Synchroniseren…",
    "Nitrox_TeleportTo": "Teleporteer naar {PLAYER}",
    "Nitrox_TeleportToMe": "Teleporteer {PLAYER} naar mij",
    "Nitrox_TeleportToMeQuestion": "Teleporteer {PLAYER} naar mij?",
    "Nitrox_TeleportToQuestion": "Teleporteer naar {PLAYER}?",
    "Nitrox_ThankForPlaying": "Bedankt voor het spelen met de mod!",
    "Nitrox_UnableToConnect": "Kan niet verbinden met de externe server op:",
    "Nitrox_Unmute": "Dempen opheffen voor {PLAYER}",
    "Nitrox_UnmuteQuestion": "Dempen opheffen voor {PLAYER}?",
    "Nitrox_UnmutedPlayer": "Dempen is opgeschoft voor {PLAYER}",
    "Nitrox_Waiting": "Wachten in wachtrij…",
    "Nitrox_WaitingPassword": "Wachtend op invoer van serverwachtwoord…",
    "Nitrox_WaitingUserInput": "Wachtend op invoer van de gebruiker…",
    "Nitrox_WorldSettling": "Wachtend Op Wereld Afwikkeling…"
}
