{
    "Nitrox_AddServer": "Adicionar Servidor",
    "Nitrox_AddServer_AddressDescription": "Hospedar:",
    "Nitrox_AddServer_AddressPlaceholder": "Digite o IP ou endereço do servidor",
    "Nitrox_AddServer_Confirm": "Criar servidor",
    "Nitrox_AddServer_CreatedSuccessful": "Nova entrada de servidor criada com sucesso.",
    "Nitrox_AddServer_InvalidInput": "Entrada inválida. Verifique se todas as caixas de texto estão preenchidas.",
    "Nitrox_AddServer_NameDescription": "Nome:",
    "Nitrox_AddServer_NamePlaceholder": "Digite um nome para o servidor",
    "Nitrox_AddServer_PortDescription": "Porta:",
    "Nitrox_AddServer_PortPlaceholder": "Digite o número da porta do servidor",
    "Nitrox_BuildingDesyncDetected": "O servidor detectou uma dessincronização com as construções do cliente local (vá para as configurações do Nitrox para solicitar uma ressincronização)",
    "Nitrox_BuildingSettings": "Construção de base",
    "Nitrox_Cancel": "Cancelar",
    "Nitrox_CommandNotAvailable": "Este comando não está disponível no Nitrox",
    "Nitrox_Confirm": "Confirmar",
    "Nitrox_ConnectTo": "Conectar a",
    "Nitrox_DenyOwnershipHand": "Outro jogador está interagindo com esse objeto",
    "Nitrox_DisconnectedSession": "Desconectado do servidor",
    "Nitrox_DiscordAccept": "Aceitar",
    "Nitrox_DiscordDecline": "Rejeitar",
    "Nitrox_DiscordInGame": "Jogando como {PLAYER}",
    "Nitrox_DiscordInGameState": "Mergulhando no abismo",
    "Nitrox_DiscordMainMenuState": "Navegando pelo menu",
    "Nitrox_DiscordMultiplayerMenu": "Por favor selecione o botão multijogador no menu principal caso queira se juntar à sessão",
    "Nitrox_DiscordPressToFocus": "Pressione para desbloquear",
    "Nitrox_DiscordRequestText": "Solicitou para entrar na sua sessão atual",
    "Nitrox_EnterName": "Nome do jogador",
    "Nitrox_ErrorDesyncDetected": "[Construção Segura] Esta base está atualmente dessincronizada, então você não pode modificá-la, a menos que sincronize novamente as construções (nas configurações do Nitrox)",
    "Nitrox_ErrorRecentBuildUpdate": "Não é possível modificar uma base que foi atualizada recentemente por outro jogador",
    "Nitrox_Failure": "Um erro ocorreu",
    "Nitrox_FinishedResyncRequest": "Levou {TIME}ms para ressincronizar {COUNT} entities",
    "Nitrox_FirewallInterfering": "As configurações do seu Firewall estão em conflito",
    "Nitrox_HideIp": "Ocultar endereço IP",
    "Nitrox_HidePing": "Ocultar Ping",
    "Nitrox_IntroUWEPresents": "UNKNOWN WORLDS ENTERTAINMENT\n&\nTHE NITROX-TEAM\n\nAPRESENTA",
    "Nitrox_IntroWaitingPartner": "Aguardando a entrada de um parceiro\n\nPressione {0} para pular a espera",
    "Nitrox_InvalidUserName": "Por favor, entre com um nome válido\n\nNão pode conter espaços ou caracteres inválidos\nSão aceitos: A-Z a-z 0-9.\nEntre [3 caracteres até 25]",
    "Nitrox_Join": "Entrar",
    "Nitrox_JoinServer": "Entrando:",
    "Nitrox_JoinServerPassword": "Senha:",
    "Nitrox_JoinServerPasswordHeader": "O Servidor selecionado necessita de senha",
    "Nitrox_JoinServerPlaceholder": "Por favor insira a senha do servidor",
    "Nitrox_JoiningSession": "Entrando na Sessão",
    "Nitrox_Kick": "Expulsar {PLAYER}",
    "Nitrox_KickQuestion": "Expulsar {PLAYER}?",
    "Nitrox_LaunchGame": "Iniciando jogo…",
    "Nitrox_Loading": "Carregando…",
    "Nitrox_LoadingScreenWarn": "Espere bugs que podem quebrar o jogo",
    "Nitrox_LostConnection": "Conexão perdida com o servidor do jogo",
    "Nitrox_LostConnectionWarn": "Não está mais conectado ao servidor",
    "Nitrox_MissingPermission": "Você não tem permissão para executar este comando [{PERMISSION}]",
    "Nitrox_Multiplayer": "Multijogador",
    "Nitrox_MultiplayerLoaded": "Cliente multijogador carregado…",
    "Nitrox_Mute": "Mutar {PLAYER}",
    "Nitrox_MuteQuestion": "Mutar {PLAYER}?",
    "Nitrox_MutedPlayer": "Mutou {PLAYER}",
    "Nitrox_OK": "Ok",
    "Nitrox_OutOfDateClient": "A sua instalação do Nitrox está desatualizada. Servidor: {serverVersion}, Sua: {localVersion}.",
    "Nitrox_OutOfDateServer": "O servidor está rodando em uma versão antiga do Nitrox. Peça para o administrador do servidor para atualizar ou desatualizar a sua instalação do Nitrox. Versão do Servidor: {serverVersion}, Sua Versão: {localVersion}.",
    "Nitrox_PlayerDeathBeaconLabel": "{PLAYER}'s morto",
    "Nitrox_PlayerDied": "{PLAYER} morreu",
    "Nitrox_PlayerDisconnected": "{PLAYER} desconectou-se",
    "Nitrox_PlayerJoined": "{PLAYER} entrou no jogo.",
    "Nitrox_PlayerKicked": "Você foi expulso do servidor",
    "Nitrox_PlayerLeft": "{PLAYER} saiu do jogo.",
    "Nitrox_PlayerListTabName": "Lista de jogadores",
    "Nitrox_QueueInfo": "Você está na posição #{POSITION} da fila de entrada. Tempo máximo de espera: {TIME}",
    "Nitrox_RejectedSessionPolicy": "Reserva rejeitada…",
    "Nitrox_RemotePlayerObstacle": "Outro jogador ou está dentro ou muito próximo do alvo desconstruível.",
    "Nitrox_RequestingSessionPolicy": "Solicitando informações da sessão…",
    "Nitrox_ResyncBuildings": "Ressincronizar construções de bases",
    "Nitrox_ResyncOnCooldown": "Você precisa esperar {TIME_LEFT} segundos para poder enviar uma solicitação de ressincronização",
    "Nitrox_ResyncRequested": "Realizou uma solicitação de ressincronização para bases",
    "Nitrox_ResyncSettings": "Ressincronização",
    "Nitrox_SafeBuilding": "Construção segura",
    "Nitrox_SafeBuildingLog": "Registro de construção segura",
    "Nitrox_ScannerRoomWarn": "Atenção: as salas de scanner não funcionam corretamente nesta versão do Nitrox. Espere muitos bugs.",
    "Nitrox_ServerEntry_DeleteWarning": "Tem certeza de que deseja excluir este servidor?",
    "Nitrox_ServerStopped": "O servidor foi fechado",
    "Nitrox_Settings_Bandwidth": "Configurações de largura de banda",
    "Nitrox_Settings_HigherForUnstable_Tooltip": "Dê um valor maior para conexões instáveis",
    "Nitrox_Settings_LatencyUpdatePeriod": "Período(s) de atualização(ões) de latência",
    "Nitrox_Settings_SafetyLatencyMargin": "Margem de latência de segurança (ms)",
    "Nitrox_ShowPing": "Mostrar ping",
    "Nitrox_SilenceChat": "Silenciar a conversa",
    "Nitrox_SilencedChatNotif": "O chat agora está silenciado",
    "Nitrox_StartServer": "Inicie seu servidor primeiro para entrar na sua sessão",
    "Nitrox_StreamerSettings": "Modo Streamer",
    "Nitrox_SyncingWorld": "Sincronizando com Servidor Multiplayer…",
    "Nitrox_TeleportTo": "Teletransportar para {PLAYER}",
    "Nitrox_TeleportToMe": "Teletransportar {PLAYER} para mim",
    "Nitrox_TeleportToMeQuestion": "Teletransportar {PLAYER} para mim?",
    "Nitrox_TeleportToQuestion": "Teletransportar para {PLAYER}?",
    "Nitrox_ThankForPlaying": "Obrigado por utilizar Nitrox !",
    "Nitrox_UnableToConnect": "Não foi possível conectar com o Servidor remoto:",
    "Nitrox_Unmute": "Desmutar {PLAYER}",
    "Nitrox_UnmuteQuestion": "Desmutar {PLAYER}?",
    "Nitrox_UnmutedPlayer": "{PLAYER} desmutado",
    "Nitrox_Waiting": "Aguardando na fila de entrada…",
    "Nitrox_WaitingPassword": "Aguardando senha do servidor…",
    "Nitrox_WaitingUserInput": "Aguardando informações do usuário…",
    "Nitrox_WorldSettling": "Aguardando Formação do Mapa…"
}
