{
    "Nitrox_AddServer": "Adaugă server",
    "Nitrox_AddServer_AddressDescription": "Gazdă:",
    "Nitrox_AddServer_AddressPlaceholder": "Introduceți IP-ul sau adresa serverului",
    "Nitrox_AddServer_Confirm": "Creați un server",
    "Nitrox_AddServer_CreatedSuccessful": "S-a creat noua intrare de server.",
    "Nitrox_AddServer_InvalidInput": "Intrarea dvs. este nevalidă. Vă rugăm să verificați dacă toate casetele de text sunt completate.",
    "Nitrox_AddServer_NameDescription": "Nume:",
    "Nitrox_AddServer_NamePlaceholder": "Introduceți un nume pentru server",
    "Nitrox_AddServer_PortDescription": "Port:",
    "Nitrox_AddServer_PortPlaceholder": "Introduceți portul numeric al serverului",
    "Nitrox_BuildingDesyncDetected": "Serverul a detectat o desincronizare cu construcțile clientului local (accesați setările Nitrox pentru a solicita o resincronizare)",
    "Nitrox_BuildingSettings": "Construirea bazei",
    "Nitrox_Cancel": "Anulare",
    "Nitrox_CommandNotAvailable": "Acestă comandă nu este disponibilă în Nitrox",
    "Nitrox_Confirm": "Confirmă",
    "Nitrox_ConnectTo": "Conectează-te la",
    "Nitrox_DenyOwnershipHand": "Un alt jucator interacționeaza cu acel obiect",
    "Nitrox_DisconnectedSession": "Deconectat de la server",
    "Nitrox_DiscordAccept": "Acceptă",
    "Nitrox_DiscordDecline": "Respinge",
    "Nitrox_DiscordInGame": "Jucând ca {PLAYER}",
    "Nitrox_DiscordInGameState": "Se scufundă în abis",
    "Nitrox_DiscordMainMenuState": "Stând în meniu",
    "Nitrox_DiscordMultiplayerMenu": "Vă rugăm să apăsați pe butonul Multiplayer din meniul principal dacă doriți să vă alăturați unei sesiuni",
    "Nitrox_DiscordPressToFocus": "Apasă pentru a debloca",
    "Nitrox_DiscordRequestText": "A solicitat să se alăture sesiunii dvs",
    "Nitrox_EnterName": "Introduceți numele jucătorului dvs",
    "Nitrox_ErrorDesyncDetected": "[Construcție sigură] Această bază este în prezent desincronizată, așa că nu o puteți modifica decât dacă resincronizați construcțile (în setările Nitrox)",
    "Nitrox_ErrorRecentBuildUpdate": "Nu se poate modifica o bază care a fost actualizată recent de un alt jucător",
    "Nitrox_Failure": "A avut loc o eroare",
    "Nitrox_FinishedResyncRequest": "A durat {TIME} ms pentru a resincroniza {COUNT} entități",
    "Nitrox_FirewallInterfering": "Se pare că setările firewall-ului tău interferează",
    "Nitrox_HideIp": "Ascundeți adresele IP",
    "Nitrox_HidePing": "Ascunde Ping",
    "Nitrox_IntroUWEPresents": "UNKNOWN WORLDS ENTERTAINMENT\nȘI\nECHIPA-NITROX\n\nPREZINTĂ",
    "Nitrox_IntroWaitingPartner": "Se așteaptă să se alăture un partener\n\nApăsați pe {0} pentru a omite așteptarea",
    "Nitrox_InvalidUserName": "Te rugăm să introduci un nume de jucător valid!\n\n Trebuie să nu conțină spațiu sau caractere ambigue\n Caracterele permise : A-Z a-z 0-9 _ . -\nLungime : [3, 25]",
    "Nitrox_Join": "Intră",
    "Nitrox_JoinServer": "Alăturare:",
    "Nitrox_JoinServerPassword": "Parola:",
    "Nitrox_JoinServerPasswordHeader": "Parola serverului este necesară",
    "Nitrox_JoinServerPlaceholder": "Vă rugăm să introduceți parola serverului",
    "Nitrox_JoiningSession": "Se conectează la sesiunea Multiplayer",
    "Nitrox_Kick": "Dă-l afară pe {PLAYER]",
    "Nitrox_KickQuestion": "Îl dai afară pe {PLAYER}?",
    "Nitrox_LaunchGame": "Se lansează jocul…",
    "Nitrox_Loading": "Se incarcă…",
    "Nitrox_LoadingScreenWarn": "Așteptă-te la bug-uri care pot strica jocul",
    "Nitrox_LostConnection": "Conexiune pierdută la server",
    "Nitrox_LostConnectionWarn": "Nu mai sunțeti conectat la Server",
    "Nitrox_MissingPermission": "Nu aveți permisiunea de a executa această comandă [{PERMISSION}]",
    "Nitrox_Multiplayer": "Multiplayer",
    "Nitrox_MultiplayerLoaded": "Clientul Multiplayer încărcat…",
    "Nitrox_Mute": "Amuțește {PLAYER}",
    "Nitrox_MuteQuestion": "Îl amuțești pe {PLAYER}?",
    "Nitrox_MutedPlayer": "{PLAYER} a fost pus pe mut",
    "Nitrox_OK": "Ok",
    "Nitrox_OutOfDateClient": "Versiunea ta de Nitrox nu este la curent. Server: {serverVersion}, A ta:{localVersion}.",
    "Nitrox_OutOfDateServer": "Serverul rulează o versiune mai veche de Nitrox. Cereți administratorului serverului să actualizeze serverul sau să facă un downgrade al instalației tale Nitrox. Server: {serverVersion}, A ta: {localVersion}.",
    "Nitrox_PlayerDeathBeaconLabel": "Moartea lui {PLAYER}",
    "Nitrox_PlayerDied": "{PLAYER} a murit",
    "Nitrox_PlayerDisconnected": "{PLAYER} a fost deconectat",
    "Nitrox_PlayerJoined": "{PLAYER} a intrat în joc.",
    "Nitrox_PlayerKicked": "Ai fost dat afară de pe server",
    "Nitrox_PlayerLeft": "{PLAYER} a ieșit din joc.",
    "Nitrox_PlayerListTabName": "Listă de jucători",
    "Nitrox_QueueInfo": "Ești pe locul #{POSITION} în coadă. Timpul maxim posibil de așteptare este de {TIME}",
    "Nitrox_RejectedSessionPolicy": "Rezervare respinsă…",
    "Nitrox_RemotePlayerObstacle": "Un alt jucător se află fie în interiorul, fie prea aproape de ținta deconstruibilă.",
    "Nitrox_RequestingSessionPolicy": "Se solicită informații despre politica sesiunii…",
    "Nitrox_ResyncBuildings": "Resincronizare construcțiilor bazei",
    "Nitrox_ResyncOnCooldown": "Trebuie să așteptați {TIME_LEFT} secunde pentru a trimite o altă solicitare de resincronizare",
    "Nitrox_ResyncRequested": "Sa emis o solicitare de resincronizare pentru baze",
    "Nitrox_ResyncSettings": "Resincronizare",
    "Nitrox_SafeBuilding": "Construcție sigură",
    "Nitrox_SafeBuildingLog": "Raport al construcțiilor sigure",
    "Nitrox_ScannerRoomWarn": "Atenție: Camerele scanner nu funcționează corespunzător în această versiune Nitrox. Așteptați-vă la multe buguri.",
    "Nitrox_ServerEntry_DeleteWarning": "Ești sigur/ă că vrei să ștergi acest server?",
    "Nitrox_ServerStopped": "Serverul a fost oprit",
    "Nitrox_Settings_Bandwidth": "Setări de Bandwidth",
    "Nitrox_Settings_HigherForUnstable_Tooltip": "Scrieți o valoare mai înaltă pentru conexiunile instabile",
    "Nitrox_Settings_LatencyUpdatePeriod": "Perioadă de actualizare a latenței (s)",
    "Nitrox_Settings_SafetyLatencyMargin": "Marjă de siguranță a latenței (ms)",
    "Nitrox_ShowPing": "Arată Ping",
    "Nitrox_SilenceChat": "Ascundeți chat-ul",
    "Nitrox_SilencedChatNotif": "Chat-ul este acum dezactivat",
    "Nitrox_StartServer": "Pornește mai întâi serverul pentru a te alătura lumii găzduite de tine",
    "Nitrox_StreamerSettings": "Mod Streamer",
    "Nitrox_SyncingWorld": "Se sincronizează lumea de Multiplayer…",
    "Nitrox_TeleportTo": "Teleportează-te la {PLAYER}",
    "Nitrox_TeleportToMe": "Teleportează-l pe {PLAYER} către mine",
    "Nitrox_TeleportToMeQuestion": "Îl teleportați pe {PLAYER} la dvs ?",
    "Nitrox_TeleportToQuestion": "Te teleportezi la {PLAYER}?",
    "Nitrox_ThankForPlaying": "Vă mulțumim că utilizați Nitrox!",
    "Nitrox_UnableToConnect": "Nu se poate conecta la serverul:",
    "Nitrox_Unmute": "Scoate-l de pe mut pe {PLAYER}",
    "Nitrox_UnmuteQuestion": "Îl scoți de pe mut pe {PLAYER}?",
    "Nitrox_UnmutedPlayer": "{PLAYER} a fost scos de pe mut",
    "Nitrox_Waiting": "Ești în coadă pentru a intra pe server…",
    "Nitrox_WaitingPassword": "Se așteaptă introducerea parolei serverului…",
    "Nitrox_WaitingUserInput": "Se așteaptă datele introduse de utilizator…",
    "Nitrox_WorldSettling": "În așteptarea stabilirii lumii…"
}
