{
    "Nitrox_AddServer": "Dodaj Server",
    "Nitrox_AddServer_AddressDescription": "Domaćin:",
    "Nitrox_AddServer_AddressPlaceholder": "Unesi IP ili adresu servera",
    "Nitrox_AddServer_Confirm": "Napravi server",
    "Nitrox_AddServer_CreatedSuccessful": "Uspiješno napravljen.",
    "Nitrox_AddServer_InvalidInput": "Unos nije korektan. Provjerite da li ste ispunili sva polja.",
    "Nitrox_AddServer_NameDescription": "Ime:",
    "Nitrox_AddServer_NamePlaceholder": "Unesite ime za vaš server",
    "Nitrox_AddServer_PortDescription": "Priključak(Port):",
    "Nitrox_AddServer_PortPlaceholder": "Unesite broj priključka(porta) servera",
    "Nitrox_BuildingDesyncDetected": "Server je detektovao neslogu sa građevinama lokalnog klijenta (idite u Nitrox podešavanja da zatražite usklađenje)",
    "Nitrox_BuildingSettings": "Građenje baza",
    "Nitrox_Cancel": "Poništi",
    "Nitrox_CommandNotAvailable": "Ova komanda nije dostupna u Nitrox-u",
    "Nitrox_Confirm": "Potvrdi",
    "Nitrox_ConnectTo": "Spoji se na",
    "Nitrox_DenyOwnershipHand": "Drugi igrac trenutno koristi taj predmet",
    "Nitrox_DisconnectedSession": "Prekinuta veza sa serverom",
    "Nitrox_DiscordAccept": "Prihvati",
    "Nitrox_DiscordDecline": "Odbij",
    "Nitrox_DiscordInGame": "Igraš kao {PLAYER}",
    "Nitrox_DiscordInGameState": "Ronjenje u ponor",
    "Nitrox_DiscordMainMenuState": "Vreba u meniju",
    "Nitrox_DiscordMultiplayerMenu": "Molimo pritisnite Multiplayer dugme u glavnom meniju ako želite ući u sesiju",
    "Nitrox_DiscordPressToFocus": "Pritisni da otključaš",
    "Nitrox_DiscordRequestText": "Trazio da uđe u vašu sesiju",
    "Nitrox_EnterName": "Unesite ime igrača",
    "Nitrox_ErrorDesyncDetected": "[Bezbijedno Građenje] Ova baza je trenutno neusklađena tako da ju ne možete uređivati ukoliko ponovo ne uskladite građevine(U Nitrox podešavanjima)",
    "Nitrox_ErrorRecentBuildUpdate": "Ne možete uređivati građevinu koju je skoro ažurirao drugi igrač",
    "Nitrox_Failure": "Greška",
    "Nitrox_FinishedResyncRequest": "Trebalo je {TIME}ms da se ponovo usklade {COUNT} entiteta",
    "Nitrox_FirewallInterfering": "Izgleda da se podešavanja Vašeg vatrenog zida(Firewall) ne slažu sa Nitrox-om",
    "Nitrox_HideIp": "Sakrij IP adresu",
    "Nitrox_HidePing": "Sakrij ping",
    "Nitrox_IntroUWEPresents": "UNKNOWN WORLDS ENTERTAINMENT\n&\nTHE NITROX-TIM\n\nPREDSTAVLJAJU",
    "Nitrox_IntroWaitingPartner": "Čekanje da Vaš suigrač uđe\n\nPritisni {0} da preskočiš čekanje",
    "Nitrox_InvalidUserName": "Unesite validno ime igrača\n\nNe smije imati razmake ili specijalne karaktere\nDozvoljeni karakteri: A-Z a-z 0-9 _.-\nDužina: [3, 25]",
    "Nitrox_Join": "Pridruži se",
    "Nitrox_JoinServer": "Pridružuje se:",
    "Nitrox_JoinServerPassword": "Lozinka:",
    "Nitrox_JoinServerPasswordHeader": "Server je zaštićen lozinkom",
    "Nitrox_JoinServerPlaceholder": "Molimo unesite lozinku servera",
    "Nitrox_JoiningSession": "Pridruživanje Multiplayer sesiji",
    "Nitrox_Kick": "Izbaci {PLAYER}",
    "Nitrox_KickQuestion": "Izbaci {PLAYER}?",
    "Nitrox_LaunchGame": "Pokretanje igre…",
    "Nitrox_Loading": "Učitavanje…",
    "Nitrox_LoadingScreenWarn": "Očekujte kvarove u igri",
    "Nitrox_LostConnection": "Izgubljena veza sa serverom",
    "Nitrox_LostConnectionWarn": "Niste više povezani sa serverom",
    "Nitrox_MissingPermission": "Nemate dozvolu da izvršite ovu naredbu [{PERMISSION}]",
    "Nitrox_Multiplayer": "Multiplayer",
    "Nitrox_MultiplayerLoaded": "Klijent za multiplayer učitan…",
    "Nitrox_Mute": "Utišaj {PLAYER}",
    "Nitrox_MuteQuestion": "Utišaj {PLAYER}?",
    "Nitrox_MutedPlayer": "{PLAYER} utišan",
    "Nitrox_OK": "U redu",
    "Nitrox_OutOfDateClient": "Vaša verzija Nitrox-a je zastarijela. Verzija servera: {serverVersion}, Vaša verzija: {localVersion}.",
    "Nitrox_OutOfDateServer": "Server radi na zastarijeloj verziji Nitrox-a. Zatražite od administratora da ažurira verziju ili unazadite vašu verziju Nitrox-a. Verzija servera: {serverVersion}, Vaša verzija: {localVersion}.",
    "Nitrox_PlayerDeathBeaconLabel": "{PLAYER} smrt",
    "Nitrox_PlayerDied": "{PLAYER} je umro",
    "Nitrox_PlayerDisconnected": "{PLAYER} je prekinuo vezu sa serverom",
    "Nitrox_PlayerJoined": "{PLAYER} se priključio igri.",
    "Nitrox_PlayerKicked": "Izbačeni ste sa servera",
    "Nitrox_PlayerLeft": "{PLAYER} je napustio igru.",
    "Nitrox_PlayerListTabName": "Lista igrača",
    "Nitrox_QueueInfo": "Vi ste #{POSITION} u redu za čekanje. Maksimalno moguće čekanje: {TIME}",
    "Nitrox_RejectedSessionPolicy": "Rezervacija odbijena…",
    "Nitrox_RemotePlayerObstacle": "Drugi igrač je unutar ili preblizu objekta za dekonstrukciju.",
    "Nitrox_RequestingSessionPolicy": "Zahtijevanje informacija o politici sesije…",
    "Nitrox_ResyncBuildings": "Usklađivanje građevina baza",
    "Nitrox_ResyncOnCooldown": "Trebate čekati {TIME_LEFT} sekundi da pošaljete još jedan zahtijev za usklađivanje",
    "Nitrox_ResyncRequested": "Poslat zahtijev za usklađivanje baza",
    "Nitrox_ResyncSettings": "Resinhronizacija",
    "Nitrox_SafeBuilding": "Bezbijedna građevina",
    "Nitrox_SafeBuildingLog": "Izvještaj o bezbijednim građevinama",
    "Nitrox_ScannerRoomWarn": "Molim pažnju: Scanner room ne radi u ovoj verziji Nitrox-a. Očekujte mnoge greške.",
    "Nitrox_ServerEntry_DeleteWarning": "Da li ste sigurni da želite izbrisati ovaj server?",
    "Nitrox_ServerStopped": "Ovaj server je zaustavljen",
    "Nitrox_Settings_Bandwidth": "Podešavanja propusnog opsega",
    "Nitrox_Settings_HigherForUnstable_Tooltip": "Stavite veću vrijednost za nestabilne veze",
    "Nitrox_Settings_LatencyUpdatePeriod": "Period ažuriranja kašnjenja (s)",
    "Nitrox_Settings_SafetyLatencyMargin": "Bezbijednosni opseg kašnjenja (ms)",
    "Nitrox_ShowPing": "Pokaži ping",
    "Nitrox_SilenceChat": "Utišaj chat",
    "Nitrox_SilencedChatNotif": "Chat je sad utišan",
    "Nitrox_StartServer": "Prvo pokrenite server da bi ušli u svet koji Vi hostujete",
    "Nitrox_StreamerSettings": "Mod za streamere",
    "Nitrox_SyncingWorld": "Usklađivanje multiplayer svijeta…",
    "Nitrox_TeleportTo": "Teleportuj se do {IGRAČ}",
    "Nitrox_TeleportToMe": "Teleportuj {PLAYER} do mene",
    "Nitrox_TeleportToMeQuestion": "Teleportuj {IGRAČA} do mene?",
    "Nitrox_TeleportToQuestion": "Teleportujte se do {PLAYER}?",
    "Nitrox_ThankForPlaying": "Hvala na korištenju Nitrox-a!",
    "Nitrox_UnableToConnect": "Nije moguće kontaktirati server na:",
    "Nitrox_Unmute": "Pojačaj {PLAYER}",
    "Nitrox_UnmuteQuestion": "Pojačajte {PLAYER}?",
    "Nitrox_UnmutedPlayer": "Pojačali ste {PLAYER}",
    "Nitrox_Waiting": "Čekanje u redu…",
    "Nitrox_WaitingPassword": "Čekanje za unos lozinke servera…",
    "Nitrox_WaitingUserInput": "Čekanje na ulaz korisnika…",
    "Nitrox_WorldSettling": "Naseljavanje svijeta…"
}
