{
    "Nitrox_AddServer": "เพิ่มเซิฟเวอร์",
    "Nitrox_AddServer_AddressDescription": "โฮสท์",
    "Nitrox_AddServer_AddressPlaceholder": "กรุณากรอก IP หรือที่อยู่ของเซิร์ฟเวอร์",
    "Nitrox_AddServer_Confirm": "สร้างเซิร์ฟเวอร์",
    "Nitrox_AddServer_CreatedSuccessful": "สร้างรายการเซิร์ฟเวอร์ใหม่สำเร็จ",
    "Nitrox_AddServer_InvalidInput": "ข้อมูลที่คุณป้อนไม่ถูกต้อง กรุณาตรวจสอบให้แน่ใจว่ากรอกทุกช่องข้อความครบถ้วน",
    "Nitrox_AddServer_NameDescription": "ชื่อ",
    "Nitrox_AddServer_NamePlaceholder": "กรุณากรอกชื่อสำหรับเซิร์ฟเวอร์",
    "Nitrox_AddServer_PortDescription": "พอร์ต",
    "Nitrox_AddServer_PortPlaceholder": "กรุณากรอกหมายเลขพอร์ตของเซิร์ฟเวอร์",
    "Nitrox_BuildingDesyncDetected": "เซิร์ฟเวอร์ตรวจพบการซิงค์ไม่ตรงกับอาคารขอผู้ใช้ในเครื่อง (กรุณาไปที่การตั้งค่า Nitrox เพื่อขอการซิงค์ใหม่)",
    "Nitrox_BuildingSettings": "การสร้างฐาน",
    "Nitrox_Cancel": "ยกเลิก",
    "Nitrox_CommandNotAvailable": "คำสั่งนี้ไม่มีอยู่ใน Nitrox",
    "Nitrox_Confirm": "ยืนยัน",
    "Nitrox_ConnectTo": "เชื่อมต่อกับ",
    "Nitrox_DenyOwnershipHand": "ผู้เล่นคนอื่นกำลังโต้ตอบกับวัตถุชิ้นนั้นอยู่",
    "Nitrox_DisconnectedSession": "ถูกตัดการเชื่อมต่อจากเซิฟเวอร์",
    "Nitrox_DiscordAccept": "ยอมรับ",
    "Nitrox_DiscordDecline": "ปฏิเสธ",
    "Nitrox_DiscordInGame": "กำลังเล่นเป็น {ผู้เล่น}",
    "Nitrox_DiscordInGameState": "กำลังดำสู่ก้นบึ้ง",
    "Nitrox_DiscordMainMenuState": "กำลังสำรวจหน้าเมนู",
    "Nitrox_DiscordMultiplayerMenu": "กรุณากดปุ่มผู้เล่นหลายคนที่หน้าเมนูถ้าหากคุณอยากจะเข้าร่วม",
    "Nitrox_DiscordPressToFocus": "กดเพื่อปลดล็อค",
    "Nitrox_DiscordRequestText": "ได้ขอเข้าร่วมห้องของคุณ",
    "Nitrox_EnterName": "ใส่ชื่อผู้เล่นของคุณ",
    "Nitrox_ErrorDesyncDetected": "[Safe Building] ฐานนี้กำลังอยู่ในสถานะการซิงค์ไม่ตรงกัน ดังนั้นคุณไม่สามารถแก้ไขได้ เว้นแต่จะทำการซิงค์ใหม่ (ในการตั้งค่า Nitrox)",
    "Nitrox_ErrorRecentBuildUpdate": "ไม่สามารถแก้ไขฐานที่เพิ่งถูกอัปเดตโดยผู้เล่นคนอื่น",
    "Nitrox_Failure": "เกิดข้อผิดพลาด",
    "Nitrox_FinishedResyncRequest": "ใช้เวลา {TIME}ms ในการซิงค์ใหม่ {COUNT} เอนทิตี",
    "Nitrox_FirewallInterfering": "ดูเหมือนว่าการตั้งค่า Firewall ของคุณจะเข้ามารบกวน",
    "Nitrox_HideIp": "ซ่อน IP addresses",
    "Nitrox_HidePing": "ซ่อนปิง",
    "Nitrox_IntroUWEPresents": "UNKNOWN WORLDS ENTERTAINMENT\nและ\nTHE NITROX-TEAM\n\nขอนำเสนอ",
    "Nitrox_IntroWaitingPartner": "กำลังรอคู่หูเข้าร่วม\n\nกด {0} เพื่อข้ามการรอ",
    "Nitrox_InvalidUserName": "โปรดใส่ชื่อให้ถูกต้อง.\n\nชื่อไม่ควรมีตัวเว้นว่าง หรือตัวอักษรพิเศษ\nตัวอักษรที่ใช้ได้: A-Z a-z 0-9 _,-\nความยาว: [3, 25]",
    "Nitrox_Join": "เข้าร่วม",
    "Nitrox_JoinServer": "กำลังเข้าร่วม:",
    "Nitrox_JoinServerPassword": "รหัสผ่าน:",
    "Nitrox_JoinServerPasswordHeader": "ต้องใส่รหัสผ่านของเซิฟเวอร์",
    "Nitrox_JoinServerPlaceholder": "กรุณากรอกรหัสผ่านของเซิร์ฟเวอร์",
    "Nitrox_JoiningSession": "กำลังเข้าร่วมห้อง Multiplayer",
    "Nitrox_Kick": "เตะ {ผู้เล่น}",
    "Nitrox_KickQuestion": "เตะ {ผู้เล่น}?",
    "Nitrox_LaunchGame": "กำลังเปิดเกม…",
    "Nitrox_Loading": "กำลังโหลด",
    "Nitrox_LoadingScreenWarn": "อาจจะเจอบัคที่พังเกมได้",
    "Nitrox_LostConnection": "ขาดการเชื่อมต่อจากเซิฟเวอร์",
    "Nitrox_LostConnectionWarn": "ไม่ได้เชื่อมต่อเซิฟเวอร์ต่อไปแล้ว",
    "Nitrox_MissingPermission": "คุณไม่มีสิทธิ์ในการดำเนินการคำสั่งนี้ [{PERMISSION}]",
    "Nitrox_Multiplayer": "ผู้เล่นหลายคน",
    "Nitrox_MultiplayerLoaded": "โหลดระบบผู้เล่นหลายคนเสร็จสิ้น…",
    "Nitrox_Mute": "ปิดระบบแชท {ผู้เล่น}",
    "Nitrox_MuteQuestion": "ปิดระบบแชท {ผู้เล่น}?",
    "Nitrox_MutedPlayer": "ปิดระบบแชท {ผู้เล่น}",
    "Nitrox_OK": "โอเคร",
    "Nitrox_PlayerJoined": "{PLAYER} เข้าร่วมเกม",
    "Nitrox_PlayerKicked": "คุณถูกเตะออกจากเซิฟเวอร์",
    "Nitrox_PlayerLeft": "{PLAYER} ออกจากเกม.",
    "Nitrox_PlayerListTabName": "รายชื่อผู้เล่น",
    "Nitrox_RejectedSessionPolicy": "การจองถูกปฎิเสธ…",
    "Nitrox_RemotePlayerObstacle": "มีผู้เล่นอยู่ข้างในหรือใกล้เกินไปกับเป้าหมายที่จะแยกโครงสร้าง",
    "Nitrox_RequestingSessionPolicy": "กำลังขอข้อมูลนโยบายเซสชัน…",
    "Nitrox_ServerStopped": "เซิฟเวอร์ได้ถูกหยุด",
    "Nitrox_ShowPing": "แสดงค่าปิง",
    "Nitrox_SilenceChat": "ปิดระบบแชท",
    "Nitrox_SilencedChatNotif": "ระบบแชทได้ถูกปิดแล้ว",
    "Nitrox_StartServer": "เริ่มเซิฟเวอร์ของคุณก่อนเพื่อที่จะเข้าเซิฟเวอร์ของคุณ",
    "Nitrox_StreamerSettings": "สตรีมเมอร์โหมด",
    "Nitrox_SyncingWorld": "กำลังซิงค์โลกออนไลน์…",
    "Nitrox_TeleportTo": "เทเลพอร์ตไปหา",
    "Nitrox_TeleportToMe": "เทเลพอร์ต {ผู้เล่น} มาที่ฉัน",
    "Nitrox_TeleportToMeQuestion": "เทเลพอร์ต {ผู้เล่น} มาที่ฉัน?",
    "Nitrox_TeleportToQuestion": "เทเลพอร์ตไปหา {ผู้เล่น}?",
    "Nitrox_ThankForPlaying": "ขอบคุณที่ใช้ Nitrox!",
    "Nitrox_UnableToConnect": "ไม่สามารถเชี่ยมต่อกับเซิฟเวอร์ที่กำหนดไว้:",
    "Nitrox_Unmute": "ยกเลิกการปิดแชท {ผู้เล่น}",
    "Nitrox_UnmuteQuestion": "ยกเลิกการปิดแชท {ผู้เล่น}?",
    "Nitrox_UnmutedPlayer": "ยกเลิกการปิดแชท {ผู้เล่น}",
    "Nitrox_Waiting": "กำลังต่อคิว…",
    "Nitrox_WaitingPassword": "กำลังรอการใส่พาสเวิร์ดของเซิฟเวอร์…",
    "Nitrox_WaitingUserInput": "กำลังรอผู้ใช้งานป้อนข้อมูล…",
    "Nitrox_WorldSettling": "กำลังรอการตั้งค่าของโลก…"
}
