{
    "Nitrox_AddServer": "Thêm máy chủ",
    "Nitrox_AddServer_AddressDescription": "Máy chủ:",
    "Nitrox_AddServer_AddressPlaceholder": "Nhập địa chỉ hoặc IP của máy chủ",
    "Nitrox_AddServer_Confirm": "Tạo máy chủ",
    "Nitrox_AddServer_CreatedSuccessful": "Đã thêm máy chủ mới thành công.",
    "Nitrox_AddServer_InvalidInput": "Không hợp lệ. Hãy kiểm tra xem bạn đã điền hết các ô chưa.",
    "Nitrox_AddServer_NameDescription": "Tên:",
    "Nitrox_AddServer_NamePlaceholder": "Nhập tên cho máy chủ",
    "Nitrox_AddServer_PortDescription": "Cổng:",
    "Nitrox_AddServer_PortPlaceholder": "Nhập cổng máy chủ (số)",
    "Nitrox_BuildingDesyncDetected": "Máy chủ đã phát hiện quá trình không đồng bộ hóa với các tòa nhà của máy khách cục bộ (đi tới cài đặt Nitrox để yêu cầu đồng bộ lại)",
    "Nitrox_BuildingSettings": "Xây dựng cơ sở",
    "Nitrox_Cancel": "Hủy",
    "Nitrox_CommandNotAvailable": "Lệnh này không khả dụng trong Nitrox",
    "Nitrox_Confirm": "Xác nhận",
    "Nitrox_ConnectTo": "Kết nối vào",
    "Nitrox_DenyOwnershipHand": "Có người chơi khác đang thao tác với vật thể đó",
    "Nitrox_DisconnectedSession": "Ngắt kết nối với server",
    "Nitrox_DiscordAccept": "Chấp nhận",
    "Nitrox_DiscordDecline": "Từ chối",
    "Nitrox_DiscordInGame": "Đang tham gia dưới tên {PLAYER}",
    "Nitrox_DiscordInGameState": "Lặn xuống vực sâu",
    "Nitrox_DiscordMainMenuState": "Ẩn trong menu",
    "Nitrox_DiscordMultiplayerMenu": "Vui lòng nhấn vào nút Nhiều người chơi trong MainMenu nếu bạn muốn tham gia một phiên",
    "Nitrox_DiscordPressToFocus": "Bấm để mở khóa",
    "Nitrox_DiscordRequestText": "yêu cầu tham gia server",
    "Nitrox_EnterName": "Nhập vào tên người chơi",
    "Nitrox_ErrorDesyncDetected": "[Khu vực an toàn] Căn cứ này hiện không được đồng bộ hóa nên bạn không thể sửa đổi nó trừ khi bạn đồng bộ lại các tòa nhà (trong cài đặt Nitrox)",
    "Nitrox_ErrorRecentBuildUpdate": "Không thể chỉnh sửa căn cứ đã được thao tác bởi người chơi khác",
    "Nitrox_Failure": "Đã xảy ra lỗi",
    "Nitrox_FinishedResyncRequest": "Mất {TIME}ms để đồng bộ hóa {COUNT} thực thể",
    "Nitrox_FirewallInterfering": "Tường lửa của bạn có thể đang can thiệp",
    "Nitrox_HideIp": "Ẩn địa chỉ IP",
    "Nitrox_HidePing": "Ẩn ping",
    "Nitrox_IntroUWEPresents": "UNKNOWN WORLDS ENTERTAINMENT\n&\nTHE NITROX-TEAM\n\nPRESENT",
    "Nitrox_IntroWaitingPartner": "Đang đợi người tham gia\n\nNhấn {0} để bỏ qua thời gian đợi",
    "Nitrox_InvalidUserName": "Hãy nhập tên hợp lệ\n\nTên người chơi không thể chứa khoảng cách hoặc ký tự không rõ\nCác ký tự cho phép: A-Z a-z 0-9 _.-\nĐộ dài: [3, 25]",
    "Nitrox_Join": "Gia nhập",
    "Nitrox_JoinServer": "Đang tham gia:",
    "Nitrox_JoinServerPassword": "Mật khẩu:",
    "Nitrox_JoinServerPasswordHeader": "Cần có mật khẩu máy chủ",
    "Nitrox_JoinServerPlaceholder": "Nhập mật khẩu máy chủ",
    "Nitrox_JoiningSession": "Đang tham gia phiên nhiều người chơi",
    "Nitrox_Kick": "Đá {PLAYER}",
    "Nitrox_KickQuestion": "Đá {PLAYER}?",
    "Nitrox_LaunchGame": "Khởi động game…",
    "Nitrox_Loading": "Đang tải…",
    "Nitrox_LoadingScreenWarn": "Vẫn còn nhiều lỗi lớn trong game",
    "Nitrox_LostConnection": "Mất kết nối tới máy chủ",
    "Nitrox_LostConnectionWarn": "Đã mất kết nối",
    "Nitrox_MissingPermission": "Bạn không được dùng lệnh này [{PERMISSION}]",
    "Nitrox_Multiplayer": "Nhiều người chơi",
    "Nitrox_MultiplayerLoaded": "Đã tải client nhiều người chơi…",
    "Nitrox_Mute": "Tắt tiếng {PLAYER}",
    "Nitrox_MuteQuestion": "Tắt tiếng {PLAYER}?",
    "Nitrox_MutedPlayer": "Đã tắt tiếng {PLAYER}",
    "Nitrox_OK": "OK",
    "Nitrox_OutOfDateClient": "Phiên bản cài đặt Nitrox của bạn đã lỗi thời. Máy chủ: {serverVersion}, phiên bản của bạn: {localVersion}.",
    "Nitrox_OutOfDateServer": "Máy chủ chạy phiên bản cũ hơn của Nitrox. Yêu cầu quản trị viên máy chủ nâng cấp máy chủ hoặc hạ cấp cài đặt Nitrox của bạn. Máy chủ: {serverVersion}, phiên bản của bạn: {localVersion}.",
    "Nitrox_PlayerDeathBeaconLabel": "{PLAYER} đã chết",
    "Nitrox_PlayerDied": "{PLAYER} chết",
    "Nitrox_PlayerDisconnected": "{PLAYER} đã bị ngắt kết nối",
    "Nitrox_PlayerJoined": "{PLAYER} đã tham gia trò chơi.",
    "Nitrox_PlayerKicked": "Bạn đã bị đá khỏi sever",
    "Nitrox_PlayerLeft": "{PLAYER} đã rời khỏi trò chơi.",
    "Nitrox_PlayerListTabName": "Danh sách người chơi",
    "Nitrox_QueueInfo": "bạn đang ở vị trí #{POSITION} trong hàng chờ. Thời gian chờ tối đa: {TIME}",
    "Nitrox_RejectedSessionPolicy": "Từ chối giữ chỗ…",
    "Nitrox_RemotePlayerObstacle": "Một người chơi khác đang ở bên trong hoặc quá gần mục tiêu có thể phá hủy.",
    "Nitrox_RequestingSessionPolicy": "Đang yêu cầu thông tin về chính sách của phiên…",
    "Nitrox_ResyncBuildings": "Đồng bộ lại các cơ sở xây dựng",
    "Nitrox_ResyncOnCooldown": "Bạn cần đợi {TIME_LEFT} giây để có thể gửi yêu cầu đồng bộ lại",
    "Nitrox_ResyncRequested": "Đã đưa ra yêu cầu đồng bộ lại cho các căn cứ",
    "Nitrox_ResyncSettings": "Đồng bộ hóa lại",
    "Nitrox_SafeBuilding": "Khu vực an toàn",
    "Nitrox_SafeBuildingLog": "Nhật ký xây dựng an toàn",
    "Nitrox_ScannerRoomWarn": "Xin lưu ý: Chức năng phòng quét chưa hoạt động ổn định ở phiên bản Nitrox này, bạn có thể gặp khá nhiều lỗi.",
    "Nitrox_ServerEntry_DeleteWarning": "Bạn chắc chắn có muốn xóa máy chủ này không ?",
    "Nitrox_ServerStopped": "Sever đã ngừng",
    "Nitrox_Settings_Bandwidth": "Cài đặt băng thông",
    "Nitrox_Settings_HigherForUnstable_Tooltip": "Đưa giá trị cao hơn cho các kết nối không ổn định",
    "Nitrox_Settings_LatencyUpdatePeriod": "Thời gian cập nhật độ trễ (giây)",
    "Nitrox_Settings_SafetyLatencyMargin": "Khoảng đệm an toàn độ trễ (mili giây)",
    "Nitrox_ShowPing": "Hiển thị ping",
    "Nitrox_SilenceChat": "Tắt trò chuyện",
    "Nitrox_SilencedChatNotif": "Trò chuyện đã được tắt",
    "Nitrox_StartServer": "Khởi động máy chủ của bạn trước để tham gia thế giới được tự tổ chức bởi bạn",
    "Nitrox_StreamerSettings": "Chế độ phát trực tiếp",
    "Nitrox_SyncingWorld": "Đồng bộ thế giới nhiều người chơi…",
    "Nitrox_TeleportTo": "Dịch chuyển đến {PLAYER}",
    "Nitrox_TeleportToMe": "Dịch chuyển {PLAYER} đến bản thân",
    "Nitrox_TeleportToMeQuestion": "Dịch chuyển {PLAYER} đến bản thân?",
    "Nitrox_TeleportToQuestion": "Dịch chuyển đến {PLAYER}?",
    "Nitrox_ThankForPlaying": "Cảm ơn đã sử dụng Nitrox!",
    "Nitrox_UnableToConnect": "Không thể liên hệ tới máy chủ từ xa tại:",
    "Nitrox_Unmute": "Bật tiếng {PLAYER}",
    "Nitrox_UnmuteQuestion": "Bật tiếng {PLAYER}?",
    "Nitrox_UnmutedPlayer": "Đã bật tiếng {PLAYER}",
    "Nitrox_Waiting": "Đang trong hàng chờ…",
    "Nitrox_WaitingPassword": "Đang chờ nhập vào mật khẩu máy chủ…",
    "Nitrox_WaitingUserInput": "Đang chờ nhập vào người dùng…",
    "Nitrox_WorldSettling": "Đang chờ ổn định thế giới…"
}
