{
    "Nitrox_AddServer": "添加服务器",
    "Nitrox_AddServer_AddressDescription": "主机:",
    "Nitrox_AddServer_AddressPlaceholder": "输入服务器的IP或地址",
    "Nitrox_AddServer_Confirm": "创建服务器",
    "Nitrox_AddServer_CreatedSuccessful": "成功创建新的服务器条目。",
    "Nitrox_AddServer_InvalidInput": "你的输入无效. 请检查是否所有的文本框都已填好.",
    "Nitrox_AddServer_NameDescription": "名称:",
    "Nitrox_AddServer_NamePlaceholder": "为服务器取名",
    "Nitrox_AddServer_PortDescription": "端口:",
    "Nitrox_AddServer_PortPlaceholder": "输入服务器端口号",
    "Nitrox_BuildingDesyncDetected": "服务器检测到本地建筑物不同步(在Nitrox设置中请求重新刷新)",
    "Nitrox_BuildingSettings": "基本建造",
    "Nitrox_Cancel": "取消",
    "Nitrox_CommandNotAvailable": "该指令不能在Nitrox使用",
    "Nitrox_Confirm": "确定",
    "Nitrox_ConnectTo": "连接到",
    "Nitrox_DenyOwnershipHand": "另一名玩家正在与该物体互动",
    "Nitrox_DisconnectedSession": "已离开服务器",
    "Nitrox_DiscordAccept": "接受",
    "Nitrox_DiscordDecline": "拒绝",
    "Nitrox_DiscordInGame": "正在以{PLAYER}游玩",
    "Nitrox_DiscordInGameState": "正在潜入深渊",
    "Nitrox_DiscordMainMenuState": "正处于主屏",
    "Nitrox_DiscordMultiplayerMenu": "请选择主屏中的多人游玩以便加入服务器",
    "Nitrox_DiscordPressToFocus": "点击解锁",
    "Nitrox_DiscordRequestText": "希望加入您的服务器",
    "Nitrox_EnterName": "请输入您的名称",
    "Nitrox_ErrorDesyncDetected": "[安全建筑]这个基地当前并不同步,因此你不能修改它,除非你重新刷新建筑(在Nitrox设置中)",
    "Nitrox_ErrorRecentBuildUpdate": "无法编辑一个被其他玩家刚刚更新的基地",
    "Nitrox_Failure": "发生了错误",
    "Nitrox_FinishedResyncRequest": "用时{TIME}毫秒刷新了{COUNT}实体",
    "Nitrox_FirewallInterfering": "您的防火墙设置可能阻止了连接",
    "Nitrox_HideIp": "隐藏 IP 地址",
    "Nitrox_HidePing": "隐藏ping",
    "Nitrox_IntroUWEPresents": "未知世界娱乐\n&\nTHE NITROX-TEAM\n\n出品",
    "Nitrox_IntroWaitingPartner": "正在等待伙伴加入\n\n按{0}跳过等待",
    "Nitrox_InvalidUserName": "请输入有效的名称\n\n不能含有空格或特殊字符\n允许的字符: A-Z a-z 0-9 _ . -\n长度限制: [3, 25]",
    "Nitrox_Join": "加入",
    "Nitrox_JoinServer": "加入:",
    "Nitrox_JoinServerPassword": "密码:",
    "Nitrox_JoinServerPasswordHeader": "需要服务器密码",
    "Nitrox_JoinServerPlaceholder": "请输入服务器密码",
    "Nitrox_JoiningSession": "正在加入服务器",
    "Nitrox_Kick": "踢出{PLAYER}",
    "Nitrox_KickQuestion": "是否踢出{PLAYER}？",
    "Nitrox_LaunchGame": "正在启动游戏…",
    "Nitrox_Loading": "加载中…",
    "Nitrox_LoadingScreenWarn": "存在漏洞",
    "Nitrox_LostConnection": "失去与服务器的连接",
    "Nitrox_LostConnectionWarn": "与服务器的连接已断开",
    "Nitrox_MissingPermission": "你没有执行此命令的权限[{PERMISSION}]",
    "Nitrox_Multiplayer": "多人游戏",
    "Nitrox_MultiplayerLoaded": "已加载联机客户端…",
    "Nitrox_Mute": "禁言{PLAYER}",
    "Nitrox_MuteQuestion": "是否禁言{PLAYER}?",
    "Nitrox_MutedPlayer": "已禁言{PLAYER}",
    "Nitrox_OK": "确定",
    "Nitrox_OutOfDateClient": "你的Nitrox版本过低. 服务器: {serverVersion}, 你的: {localVersion}.",
    "Nitrox_OutOfDateServer": "服务器正在使用一个旧版Nitrox. 向服务器管理员请求更新服务器或降级你当前安装的Nitrox. 服务器: {serverVersion}, 你的: {localVersion}.",
    "Nitrox_PlayerDeathBeaconLabel": "{PLAYER} 死亡",
    "Nitrox_PlayerDied": "{PLAYER} 寄了",
    "Nitrox_PlayerDisconnected": "{PLAYER} 断开连接",
    "Nitrox_PlayerJoined": "{PLAYER}已加入游戏。",
    "Nitrox_PlayerKicked": "您已被踢出服务器",
    "Nitrox_PlayerLeft": "{PLAYER}已离开游戏。",
    "Nitrox_PlayerListTabName": "玩家列表",
    "Nitrox_QueueInfo": "您位于加入队列中的第 #{POSITION} 个位置。最长可能等待时间：{TIME}",
    "Nitrox_RejectedSessionPolicy": "会话配置被拒绝…",
    "Nitrox_RemotePlayerObstacle": "另一个玩家距离解构目标太近了。",
    "Nitrox_RequestingSessionPolicy": "正在请求会话配置信息…",
    "Nitrox_ResyncBuildings": "重新刷新基地建筑",
    "Nitrox_ResyncOnCooldown": "你需等待 {TIME_LEFT} 秒才能重发另一个重新刷新请求",
    "Nitrox_ResyncRequested": "发送一个重新刷新基地的请求",
    "Nitrox_ResyncSettings": "重新同步",
    "Nitrox_SafeBuilding": "安全建筑",
    "Nitrox_SafeBuildingLog": "安全建筑日志",
    "Nitrox_ScannerRoomWarn": "请注意：此版本的 Nitrox 扫描室无法正常工作。预计会出现许多 bug。",
    "Nitrox_ServerEntry_DeleteWarning": "您确实要删除该服务器吗？",
    "Nitrox_ServerStopped": "服务器已关闭",
    "Nitrox_Settings_Bandwidth": "带宽设置",
    "Nitrox_Settings_HigherForUnstable_Tooltip": "对于不稳定的连接，给予更高的值",
    "Nitrox_Settings_LatencyUpdatePeriod": "延迟更新周期（秒）",
    "Nitrox_Settings_SafetyLatencyMargin": "安全延迟裕度（毫秒）",
    "Nitrox_ShowPing": "显示ping",
    "Nitrox_SilenceChat": "将聊天设为静音",
    "Nitrox_SilencedChatNotif": "聊天已被静音",
    "Nitrox_StartServer": "请先启动您的服务器以加入世界",
    "Nitrox_StreamerSettings": "主播模式",
    "Nitrox_SyncingWorld": "同步多人世界中…",
    "Nitrox_TeleportTo": "传送至{PLAYER}",
    "Nitrox_TeleportToMe": "传送{PLAYER}到我身边",
    "Nitrox_TeleportToMeQuestion": "是否传送{PLAYER}到我身边?",
    "Nitrox_TeleportToQuestion": "是否传送至{PLAYER}？",
    "Nitrox_ThankForPlaying": "感谢您使用Nitrox！",
    "Nitrox_UnableToConnect": "无法连接至远程服务器：",
    "Nitrox_Unmute": "解除{PLAYER}的禁言",
    "Nitrox_UnmuteQuestion": "是否解除{PLAYER}的禁言？",
    "Nitrox_UnmutedPlayer": "已解除{PLAYER}的禁言",
    "Nitrox_Waiting": "等待加入中…",
    "Nitrox_WaitingPassword": "等待输入服务器密码中…",
    "Nitrox_WaitingUserInput": "等待用户输入中…",
    "Nitrox_WorldSettling": "等待世界生成中…"
}
