{
    "Nitrox_AddServer": "添加伺服器",
    "Nitrox_AddServer_AddressDescription": "主機：",
    "Nitrox_AddServer_AddressPlaceholder": "輸入伺服器的 IP 或位址",
    "Nitrox_AddServer_Confirm": "創建伺服器",
    "Nitrox_AddServer_CreatedSuccessful": "成功建立新的伺服器條目。",
    "Nitrox_AddServer_InvalidInput": "您的輸入無效。請檢查所有文字方塊是否均已填寫。",
    "Nitrox_AddServer_NameDescription": "名稱：",
    "Nitrox_AddServer_NamePlaceholder": "輸入伺服器的名稱",
    "Nitrox_AddServer_PortDescription": "通訊埠：",
    "Nitrox_AddServer_PortPlaceholder": "輸入伺服器的通訊埠",
    "Nitrox_BuildingDesyncDetected": "伺服器偵測到與本地客戶端建築物不同步（轉到 Nitrox 設定以請求重新同步）",
    "Nitrox_BuildingSettings": "基地建設",
    "Nitrox_Cancel": "取消",
    "Nitrox_CommandNotAvailable": "該指令不能在Nitrox使用",
    "Nitrox_Confirm": "確認",
    "Nitrox_ConnectTo": "連接到",
    "Nitrox_DenyOwnershipHand": "另一位玩家正在與該物件互動",
    "Nitrox_DisconnectedSession": "已離開伺服器",
    "Nitrox_DiscordAccept": "接受",
    "Nitrox_DiscordDecline": "拒絕",
    "Nitrox_DiscordInGame": "正在以{PLAYER}遊玩",
    "Nitrox_DiscordInGameState": "正在潛入深淵",
    "Nitrox_DiscordMainMenuState": "正處於主屏",
    "Nitrox_DiscordMultiplayerMenu": "請選擇主屏中的多人游玩以便加入伺服器",
    "Nitrox_DiscordPressToFocus": "點擊解鎖",
    "Nitrox_DiscordRequestText": "希望加入您的伺服器",
    "Nitrox_EnterName": "請輸入您的名稱",
    "Nitrox_ErrorDesyncDetected": "[安全建築] 該基地目前已取消同步，因此除非您重新同步建築物（在 Nitrox 設定中），否則您無法修改它",
    "Nitrox_ErrorRecentBuildUpdate": "無法修改最近由其他玩家更新的基地",
    "Nitrox_Failure": "發生了錯誤",
    "Nitrox_FinishedResyncRequest": "使用了 {TIME} 毫秒重新同步 {COUNT} 個實體",
    "Nitrox_FirewallInterfering": "您的防火墻設置可能阻止了連接",
    "Nitrox_HideIp": "隱藏IP地址",
    "Nitrox_HidePing": "隱藏Ping",
    "Nitrox_IntroUWEPresents": "UNKNOWN WORLDS ENTERTAINMENT\n&\nNITROX 團隊\n\nPRESENT",
    "Nitrox_IntroWaitingPartner": "正在等待一位夥伴加入\n\n按 {0} 以跳過等待",
    "Nitrox_InvalidUserName": "請輸入有效的名稱\n\n不能含有空格或特殊字符\n允許的字符：A-Z a-z 0-9 _ . -\n長度限制：[3, 25]",
    "Nitrox_Join": "加入",
    "Nitrox_JoinServer": "正在加入：",
    "Nitrox_JoinServerPassword": "密碼：",
    "Nitrox_JoinServerPasswordHeader": "需要伺服器密碼",
    "Nitrox_JoinServerPlaceholder": "請輸入伺服器密碼",
    "Nitrox_JoiningSession": "正在加入伺服器",
    "Nitrox_Kick": "踢出{PLAYER}",
    "Nitrox_KickQuestion": "是否踢出{PLAYER}？",
    "Nitrox_LaunchGame": "正在啓動游戲…",
    "Nitrox_Loading": "正在載入…",
    "Nitrox_LoadingScreenWarn": "存在漏洞",
    "Nitrox_LostConnection": "失去與伺服器的連接",
    "Nitrox_LostConnectionWarn": "與伺服器的連接已斷開",
    "Nitrox_MissingPermission": "您沒有權限執行此指令 [{PERMISSION}]",
    "Nitrox_Multiplayer": "多人遊戲",
    "Nitrox_MultiplayerLoaded": "已加載聯機客戶端…",
    "Nitrox_Mute": "禁言{PLAYER}",
    "Nitrox_MuteQuestion": "是否禁言{PLAYER}?",
    "Nitrox_MutedPlayer": "已禁言{PLAYER}",
    "Nitrox_OK": "好的",
    "Nitrox_OutOfDateClient": "您的 Nitrox 安裝已過時。伺服器：{serverVersion}，您的：{localVersion}。",
    "Nitrox_OutOfDateServer": "該伺服器運行舊版本的 Nitrox。要求伺服器管理員升級伺服器或降級您的 Nitrox 安裝。伺服器：{serverVersion}，您的：{localVersion}。",
    "Nitrox_PlayerDeathBeaconLabel": "{PLAYER} 死亡",
    "Nitrox_PlayerDied": "{PLAYER} 已死亡",
    "Nitrox_PlayerDisconnected": "{PLAYER} 已斷開連接",
    "Nitrox_PlayerJoined": "{PLAYER}已加入遊戲。",
    "Nitrox_PlayerKicked": "您已被踢出伺服器",
    "Nitrox_PlayerLeft": "{PLAYER}已離開遊戲。",
    "Nitrox_PlayerListTabName": "玩家列表",
    "Nitrox_QueueInfo": "您位於加入佇列中的第 #{POSITION} 位置。最長可能等待時間：{TIME}",
    "Nitrox_RejectedSessionPolicy": "會話配置被拒绝…",
    "Nitrox_RemotePlayerObstacle": "另一个玩家距離解構目標太近了。",
    "Nitrox_RequestingSessionPolicy": "正在請求會話配置信息…",
    "Nitrox_ResyncBuildings": "重新同步基地建築",
    "Nitrox_ResyncOnCooldown": "您需要等待 {TIME_LEFT} 秒才能發送另一個重新同步請求",
    "Nitrox_ResyncRequested": "已發出基地重新同步請求",
    "Nitrox_ResyncSettings": "重新同步",
    "Nitrox_SafeBuilding": "安全建築",
    "Nitrox_SafeBuildingLog": "安全建築日誌",
    "Nitrox_ScannerRoomWarn": "請注意：此版本的 Nitrox 掃描室無法正常運作。預計會出現許多 bug。",
    "Nitrox_ServerEntry_DeleteWarning": "您確實要刪除該伺服器嗎？",
    "Nitrox_ServerStopped": "伺服器已關閉",
    "Nitrox_Settings_Bandwidth": "頻寬設定",
    "Nitrox_Settings_HigherForUnstable_Tooltip": "對於不穩定的連接，給予更高的值",
    "Nitrox_Settings_LatencyUpdatePeriod": "延遲更新周期（秒）",
    "Nitrox_Settings_SafetyLatencyMargin": "安全延遲裕度（毫秒）",
    "Nitrox_ShowPing": "顯示Ping",
    "Nitrox_SilenceChat": "將聊天設為靜音",
    "Nitrox_SilencedChatNotif": "聊天已被靜音",
    "Nitrox_StartServer": "請先啓動您的伺服器以加入世界",
    "Nitrox_StreamerSettings": "主播模式",
    "Nitrox_SyncingWorld": "同步多人世界中…",
    "Nitrox_TeleportTo": "傳送至{PLAYER}",
    "Nitrox_TeleportToMe": "傳送{PLAYER}到我身邊",
    "Nitrox_TeleportToMeQuestion": "是否傳送{PLAYER}到我身邊？",
    "Nitrox_TeleportToQuestion": "是否傳送至{PLAYER}？",
    "Nitrox_ThankForPlaying": "感謝您使用Nitrox！",
    "Nitrox_UnableToConnect": "無法鏈接至遠程伺服器：",
    "Nitrox_Unmute": "解除{PLAYER}的禁言",
    "Nitrox_UnmuteQuestion": "是否解除{PLAYER}的禁言？",
    "Nitrox_UnmutedPlayer": "已解除{PLAYER}的禁言",
    "Nitrox_Waiting": "等待加入中…",
    "Nitrox_WaitingPassword": "等待輸入伺服器密碼中…",
    "Nitrox_WaitingUserInput": "等等用戶輸入中…",
    "Nitrox_WorldSettling": "等待世界生成中…"
}
